timestamp,branch,power_watts,energy_joules,interval_seconds
1779777778386,org.springframework.samples.petclinic.PetClinicApplication.main,2.397511209,2.421313220,1.009927800
1779777779504,org.springframework.samples.petclinic.PetClinicApplication.main,8.296106531,8.371458407,1.009082800
1779777780591,org.springframework.samples.petclinic.PetClinicApplication.main,4.526678011,4.530353221,1.000811900
1779777780591,org.springframework.samples.petclinic.PetClinicApplication.main;org.springframework.samples.petclinic.system.WebConfiguration$$SpringCGLIB$$0.<clinit>;org.springframework.samples.petclinic.system.WebConfiguration$$SpringCGLIB$$0.CGLIB$STATICHOOK1,0.159765106,0.159894820,1.000811900
1779777781694,org.springframework.samples.petclinic.PetClinicApplication.main,7.937392820,7.990801155,1.006728700
1779777782785,org.springframework.samples.petclinic.PetClinicApplication.main,8.244753999,8.329148125,1.010236100
1779777783870,org.springframework.samples.petclinic.PetClinicApplication.main,4.969268464,4.997538135,1.005688900
1779777784952,org.springframework.samples.petclinic.PetClinicApplication.main,2.073762990,2.095221875,1.010347800
1779777786039,org.springframework.samples.petclinic.PetClinicApplication.main,7.205017374,7.207967829,1.000409500
1779777799023,org.springframework.samples.petclinic.vet.VetController.showVetList;org.springframework.samples.petclinic.vet.VetController.findPaginated,0.623105167,0.627255920,1.006661400
1779777800109,org.springframework.samples.petclinic.vet.VetController.showVetList;org.springframework.samples.petclinic.vet.VetController.findPaginated,0.199484769,0.201359826,1.009399500
1779777800109,org.springframework.samples.petclinic.owner.OwnerController.processFindForm;org.springframework.samples.petclinic.owner.OwnerController.findPaginatedForOwnersLastName,1.429640844,1.443078753,1.009399500
1779777801196,org.springframework.samples.petclinic.owner.OwnerController.findOwner,0.116413410,0.116946618,1.004580300
1779777801196,org.springframework.samples.petclinic.owner.OwnerController.processFindForm;org.springframework.samples.petclinic.owner.OwnerController.findPaginatedForOwnersLastName,0.051739293,0.051976275,1.004580300
1779777802274,org.springframework.samples.petclinic.owner.PetController.populatePetTypes,0.061545369,0.061681403,1.002210300
1779777802274,org.springframework.samples.petclinic.owner.OwnerController.findOwner,0.089020981,0.089217744,1.002210300
1779777802274,org.springframework.samples.petclinic.owner.OwnerController.processFindForm;org.springframework.samples.petclinic.owner.OwnerController.findPaginatedForOwnersLastName,0.092318054,0.092522105,1.002210300
1779777802274,org.springframework.samples.petclinic.owner.PetController.findOwner,0.135180008,0.135478796,1.002210300
1779777802274,org.springframework.samples.petclinic.owner.PetTypeFormatter.parse;org.springframework.samples.petclinic.owner.PetTypeFormatter.parse,0.186834157,0.187247116,1.002210300
1779777802274,org.springframework.samples.petclinic.owner.OwnerController.showOwner,0.069238540,0.069391578,1.002210300
1779777802274,org.springframework.samples.petclinic.owner.PetController.processCreationForm,0.661612720,0.663075083,1.002210300
1779777803359,org.springframework.samples.petclinic.owner.OwnerController.findOwner,0.099131935,0.099981634,1.008571400
1779777803359,org.springframework.samples.petclinic.owner.PetController.populatePetTypes,0.074348951,0.074986226,1.008571400
1779777803359,org.springframework.samples.petclinic.owner.OwnerController.processFindForm;org.springframework.samples.petclinic.owner.OwnerController.findPaginatedForOwnersLastName,0.118958322,0.119977961,1.008571400
1779777803359,org.springframework.samples.petclinic.owner.PetTypeFormatter.parse;org.springframework.samples.petclinic.owner.PetTypeFormatter.parse,0.148697903,0.149972452,1.008571400
1779777803359,org.springframework.samples.petclinic.owner.OwnerController.showOwner,0.396527740,0.399926538,1.008571400
1779777803359,org.springframework.samples.petclinic.owner.VisitController.processNewVisitForm,0.322178789,0.324940312,1.008571400
1779777803359,org.springframework.samples.petclinic.owner.PetController.processCreationForm,0.074348951,0.074986226,1.008571400
1779777804430,org.springframework.samples.petclinic.owner.PetController.populatePetTypes,0.115651717,0.116015303,1.003143800
1779777804430,org.springframework.samples.petclinic.owner.OwnerController.findOwner,0.144564647,0.145019129,1.003143800
1779777804430,org.springframework.samples.petclinic.owner.OwnerController.processFindForm;org.springframework.samples.petclinic.owner.OwnerController.findPaginatedForOwnersLastName,0.192752862,0.193358839,1.003143800
1779777804430,org.springframework.samples.petclinic.owner.PetTypeFormatter.parse;org.springframework.samples.petclinic.owner.PetTypeFormatter.parse,0.260216364,0.261034432,1.003143800
1779777804430,org.springframework.samples.petclinic.owner.OwnerController.showOwner,0.385505724,0.386717677,1.003143800
1779777805514,org.springframework.samples.petclinic.owner.VisitController.loadPetWithVisit,0.045076460,0.045537853,1.010235800
1779777805514,org.springframework.samples.petclinic.owner.OwnerController.findOwner,0.150254866,0.151792844,1.010235800
1779777805514,org.springframework.samples.petclinic.owner.OwnerController.processFindForm;org.springframework.samples.petclinic.owner.OwnerController.findPaginatedForOwnersLastName,0.090152919,0.091075707,1.010235800
1779777806596,org.springframework.samples.petclinic.owner.VisitController.loadPetWithVisit,0.078444741,0.079048499,1.007696600
1779777806596,org.springframework.samples.petclinic.owner.OwnerController.findOwner,0.078444741,0.079048499,1.007696600
1779777806596,org.springframework.samples.petclinic.owner.OwnerController.processFindForm;org.springframework.samples.petclinic.owner.OwnerController.findPaginatedForOwnersLastName,0.052296494,0.052698999,1.007696600
1779777806596,org.springframework.samples.petclinic.owner.PetController.findOwner,0.183037729,0.184446497,1.007696600
1779777806596,org.springframework.samples.petclinic.owner.VisitController.processNewVisitForm,0.156889482,0.158096998,1.007696600
1779777807663,org.springframework.samples.petclinic.owner.VisitController.loadPetWithVisit,0.051528063,0.051806582,1.005405200
1779777807663,org.springframework.samples.petclinic.owner.OwnerController.processFindForm;org.springframework.samples.petclinic.owner.OwnerController.findPaginatedForOwnersLastName,0.034352042,0.034537722,1.005405200
1779777807663,org.springframework.samples.petclinic.owner.VisitController.processNewVisitForm,0.034352042,0.034537722,1.005405200
1779777807663,org.springframework.samples.petclinic.owner.OwnerController.showOwner,0.206112252,0.207226330,1.005405200
1779777808744,org.springframework.samples.petclinic.owner.VisitController.loadPetWithVisit,0.114957964,0.116161826,1.010472200
1779777808744,org.springframework.samples.petclinic.owner.OwnerController.findOwner,0.114957964,0.116161826,1.010472200
1779777808744,org.springframework.samples.petclinic.owner.PetTypeFormatter.parse;org.springframework.samples.petclinic.owner.PetTypeFormatter.parse,0.229915927,0.232323653,1.010472200
1779777808744,org.springframework.samples.petclinic.owner.VisitController.processNewVisitForm,0.114957964,0.116161826,1.010472200
1779777809813,org.springframework.samples.petclinic.owner.VisitController.loadPetWithVisit,0.070743455,0.071122088,1.005352200
1779777809813,org.springframework.samples.petclinic.owner.OwnerController.findOwner,0.035371727,0.035561044,1.005352200
1779777809813,org.springframework.samples.petclinic.owner.OwnerController.processFindForm;org.springframework.samples.petclinic.owner.OwnerController.findPaginatedForOwnersLastName,0.047162303,0.047414725,1.005352200
1779777809813,org.springframework.samples.petclinic.owner.PetTypeFormatter.parse;org.springframework.samples.petclinic.owner.PetTypeFormatter.parse,0.141486909,0.142244175,1.005352200
1779777810882,org.springframework.samples.petclinic.owner.VisitController.loadPetWithVisit,0.167138758,0.167167439,1.000171600
1779777810882,org.springframework.samples.petclinic.owner.OwnerController.findOwner,0.167138758,0.167167439,1.000171600
1779777810882,org.springframework.samples.petclinic.owner.PetController.populatePetTypes,0.083569379,0.083583720,1.000171600
1779777810882,org.springframework.samples.petclinic.owner.PetTypeFormatter.parse;org.springframework.samples.petclinic.owner.PetTypeFormatter.parse,0.083569379,0.083583720,1.000171600
1779777811966,org.springframework.samples.petclinic.owner.OwnerController.processFindForm;org.springframework.samples.petclinic.owner.OwnerController.findPaginatedForOwnersLastName,0.203956957,0.205362935,1.006893500
1779777811966,org.springframework.samples.petclinic.owner.PetTypeFormatter.parse;org.springframework.samples.petclinic.owner.PetTypeFormatter.parse,0.237949784,0.239590090,1.006893500
1779777814113,org.springframework.samples.petclinic.owner.OwnerController.findOwner,0.041552846,0.041652577,1.002400100
1779777814113,org.springframework.samples.petclinic.owner.PetController.populatePetTypes,0.166211384,0.166610308,1.002400100
1779777814113,org.springframework.samples.petclinic.owner.OwnerController.processFindForm;org.springframework.samples.petclinic.owner.OwnerController.findPaginatedForOwnersLastName,0.041552846,0.041652577,1.002400100
1779777814113,org.springframework.samples.petclinic.owner.PetTypeFormatter.parse;org.springframework.samples.petclinic.owner.PetTypeFormatter.parse,0.166211384,0.166610308,1.002400100
1779777815189,org.springframework.samples.petclinic.owner.PetTypeFormatter.parse;org.springframework.samples.petclinic.owner.PetTypeFormatter.parse,0.093661697,0.093860859,1.002126400
1779777816258,org.springframework.samples.petclinic.owner.OwnerController.findOwner,0.053586474,0.054106884,1.009711600
1779777816258,org.springframework.samples.petclinic.owner.PetTypeFormatter.parse;org.springframework.samples.petclinic.owner.PetTypeFormatter.parse,0.053586474,0.054106884,1.009711600
1779777817328,org.springframework.samples.petclinic.owner.PetController.populatePetTypes,0.155909514,0.157612389,1.010922200
1779777817328,org.springframework.samples.petclinic.owner.OwnerController.findOwner,0.077954757,0.078806194,1.010922200
1779777817328,org.springframework.samples.petclinic.owner.PetTypeFormatter.parse;org.springframework.samples.petclinic.owner.PetTypeFormatter.parse,0.077954757,0.078806194,1.010922200
1779777817328,org.springframework.samples.petclinic.owner.VisitController.processNewVisitForm,0.155909514,0.157612389,1.010922200
1779777818395,org.springframework.samples.petclinic.owner.VisitController.loadPetWithVisit,0.117443215,0.118480908,1.008835700
1779777818395,org.springframework.samples.petclinic.owner.PetTypeFormatter.parse;org.springframework.samples.petclinic.owner.PetTypeFormatter.parse,0.117443215,0.118480908,1.008835700
1779777819467,org.springframework.samples.petclinic.owner.PetTypeFormatter.parse;org.springframework.samples.petclinic.owner.PetTypeFormatter.parse,0.154804743,0.156350886,1.009987700
1779777820528,org.springframework.samples.petclinic.owner.OwnerController.findOwner,0.131094679,0.131433441,1.002584100
1779777820528,org.springframework.samples.petclinic.owner.PetTypeFormatter.parse;org.springframework.samples.petclinic.owner.PetTypeFormatter.parse,0.131094679,0.131433441,1.002584100
1779777820528,org.springframework.samples.petclinic.owner.OwnerController.showOwner,0.196642018,0.197150161,1.002584100
1779777821592,org.springframework.samples.petclinic.owner.VisitController.loadPetWithVisit,0.098860303,0.099165672,1.003088900
1779777821592,org.springframework.samples.petclinic.owner.OwnerController.processFindForm;org.springframework.samples.petclinic.owner.OwnerController.findPaginatedForOwnersLastName,0.049430151,0.049582836,1.003088900
1779777821592,org.springframework.samples.petclinic.owner.PetController.findOwner,0.098860303,0.099165672,1.003088900
1779777821592,org.springframework.samples.petclinic.owner.PetTypeFormatter.parse;org.springframework.samples.petclinic.owner.PetTypeFormatter.parse,0.197720606,0.198331345,1.003088900
1779777821592,org.springframework.samples.petclinic.owner.VisitController.processNewVisitForm,0.197720606,0.198331345,1.003088900
1779777822662,org.springframework.samples.petclinic.owner.VisitController.loadPetWithVisit,0.159944400,0.161101390,1.007233700
1779777822662,org.springframework.samples.petclinic.owner.OwnerController.findOwner,0.106629600,0.107400926,1.007233700
1779777822662,org.springframework.samples.petclinic.owner.OwnerController.processFindForm;org.springframework.samples.petclinic.owner.OwnerController.findPaginatedForOwnersLastName,0.026657400,0.026850232,1.007233700
1779777823723,org.springframework.samples.petclinic.owner.OwnerController.findOwner,0.049559049,0.049586455,1.000553000
1779777823723,org.springframework.samples.petclinic.owner.OwnerController.processFindForm;org.springframework.samples.petclinic.owner.OwnerController.findPaginatedForOwnersLastName,0.049559049,0.049586455,1.000553000
1779777824787,org.springframework.samples.petclinic.owner.OwnerController.processFindForm;org.springframework.samples.petclinic.owner.OwnerController.findPaginatedForOwnersLastName,0.147721825,0.148275797,1.003750100
1779777825850,org.springframework.samples.petclinic.owner.PetController.populatePetTypes,0.063906020,0.064209695,1.004751900
1779777825850,org.springframework.samples.petclinic.owner.OwnerController.processFindForm;org.springframework.samples.petclinic.owner.OwnerController.findPaginatedForOwnersLastName,0.042604013,0.042806463,1.004751900
1779777826924,org.springframework.samples.petclinic.owner.OwnerController.processFindForm;org.springframework.samples.petclinic.owner.OwnerController.findPaginatedForOwnersLastName,0.250024487,0.251774534,1.006999500
1779777826924,org.springframework.samples.petclinic.owner.VisitController.processNewVisitForm,0.500048975,0.503549068,1.006999500
1779777827987,org.springframework.samples.petclinic.owner.VisitController.processNewVisitForm,0.102666078,0.103746700,1.010525600
1779777829051,org.springframework.samples.petclinic.owner.OwnerController.findOwner,0.320307940,0.321606596,1.004054400
1779777829051,org.springframework.samples.petclinic.owner.VisitController.processNewVisitForm,0.064061588,0.064321319,1.004054400
1779777830125,org.springframework.samples.petclinic.owner.OwnerController.setAllowedFields,0.188078954,0.190032286,1.010385700
1779777832284,org.springframework.samples.petclinic.owner.OwnerController.processFindForm;org.springframework.samples.petclinic.owner.OwnerController.findPaginatedForOwnersLastName,0.205574617,0.207109150,1.007464600
1779777832284,org.springframework.samples.petclinic.owner.PetController.findOwner,0.102787309,0.103554575,1.007464600
1779777833348,org.springframework.samples.petclinic.owner.VisitController.loadPetWithVisit,0.034794831,0.034966853,1.004943900
1779777833348,org.springframework.samples.petclinic.owner.PetController.populatePetTypes,0.034794831,0.034966853,1.004943900
1779777833348,org.springframework.samples.petclinic.owner.VisitController.processNewVisitForm,0.046393108,0.046622471,1.004943900
1779777834414,org.springframework.samples.petclinic.owner.OwnerController.processFindForm;org.springframework.samples.petclinic.owner.OwnerController.findPaginatedForOwnersLastName,0.022151971,0.022271935,1.005415500
1779777835472,org.springframework.samples.petclinic.owner.OwnerController.findOwner,0.176371186,0.176377182,1.000034000
1779777836563,org.springframework.samples.petclinic.owner.VisitController.processNewVisitForm,0.067492808,0.067808074,1.004671100
1779777837634,org.springframework.samples.petclinic.owner.VisitController.processNewVisitForm,0.257972929,0.261034965,1.011869600
1779777840849,org.springframework.samples.petclinic.owner.PetTypeFormatter.parse;org.springframework.samples.petclinic.owner.PetTypeFormatter.parse,0.618584846,0.621296846,1.004384200
1779777841908,org.springframework.samples.petclinic.owner.OwnerController.processFindForm;org.springframework.samples.petclinic.owner.OwnerController.findPaginatedForOwnersLastName,0.071984351,0.072107696,1.001713500
1779777841908,org.springframework.samples.petclinic.vet.Vet.getSpecialties,0.071984351,0.072107696,1.001713500
1779777841908,org.springframework.samples.petclinic.owner.VisitController.processNewVisitForm,0.071984351,0.072107696,1.001713500
1779777842984,org.springframework.samples.petclinic.owner.VisitController.processNewVisitForm,0.080975114,0.081668512,1.008563100
1779777845116,org.springframework.samples.petclinic.owner.VisitController.loadPetWithVisit,0.043728783,0.043953208,1.005132200
1779777845116,org.springframework.samples.petclinic.owner.OwnerController.findOwner,0.043728783,0.043953208,1.005132200
1779777846184,org.springframework.samples.petclinic.owner.OwnerController.processFindForm;org.springframework.samples.petclinic.owner.OwnerController.findPaginatedForOwnersLastName,0.038610206,0.038883396,1.007075600
1779777846184,org.springframework.samples.petclinic.owner.PetTypeFormatter.parse;org.springframework.samples.petclinic.owner.PetTypeFormatter.parse,0.077220411,0.077766792,1.007075600
1779777847252,org.springframework.samples.petclinic.owner.VisitController.processNewVisitForm,0.267093466,0.268365071,1.004760900
1779777848317,org.springframework.samples.petclinic.owner.VisitController.loadPetWithVisit,0.302366915,0.304755675,1.007900200
1779777849382,org.springframework.samples.petclinic.owner.OwnerController.processFindForm;org.springframework.samples.petclinic.owner.OwnerController.addPaginationModel,0.048922481,0.049146027,1.004569400
1779777849382,org.springframework.samples.petclinic.owner.VisitController.processNewVisitForm,0.195689922,0.196584108,1.004569400
1779777850465,org.springframework.samples.petclinic.owner.VisitController.processNewVisitForm,0.035596853,0.035954807,1.010055800
1779777851538,org.springframework.samples.petclinic.owner.OwnerController.findOwner,0.245606068,0.248229485,1.010681400
1779777851538,org.springframework.samples.petclinic.owner.OwnerController.showOwner,0.163737379,0.165486323,1.010681400
1779777853667,org.springframework.samples.petclinic.owner.OwnerController.processFindForm;org.springframework.samples.petclinic.owner.OwnerController.findPaginatedForOwnersLastName,0.061385420,0.061547551,1.002641200
1779777853667,org.springframework.samples.petclinic.owner.PetTypeFormatter.parse;org.springframework.samples.petclinic.owner.PetTypeFormatter.parse,0.184156260,0.184642653,1.002641200
1779777854741,org.springframework.samples.petclinic.owner.PetTypeFormatter.parse;org.springframework.samples.petclinic.owner.PetTypeFormatter.parse,0.091948362,0.092703994,1.008218000
1779777855806,org.springframework.samples.petclinic.owner.OwnerController.findOwner,0.403350388,0.405200314,1.004586400
1779777855806,org.springframework.samples.petclinic.owner.PetController.findOwner,0.403350388,0.405200314,1.004586400
1779777857933,org.springframework.samples.petclinic.owner.OwnerController.findOwner,0.076069166,0.076211278,1.001868200
1779777859020,org.springframework.samples.petclinic.owner.OwnerController.showOwner,0.085754356,0.086172855,1.004880200
1779777864353,org.springframework.samples.petclinic.owner.VisitController.processNewVisitForm,0.141089276,0.141895446,1.005713900
1779777865421,org.springframework.samples.petclinic.owner.VisitController.processNewVisitForm,0.556658007,0.558223886,1.002813000
1779777866483,org.springframework.samples.petclinic.owner.VisitController.processNewVisitForm,0.218410685,0.218588450,1.000813900
1779777879486,org.springframework.samples.petclinic.owner.OwnerController.processFindForm;org.springframework.samples.petclinic.owner.OwnerController.findPaginatedForOwnersLastName,0.074213296,0.074866477,1.008801400
1779777880566,org.springframework.samples.petclinic.owner.PetTypeFormatter.parse;org.springframework.samples.petclinic.owner.PetTypeFormatter.parse,0.076065859,0.076658321,1.007788800
1779777881648,org.springframework.samples.petclinic.owner.VisitController.processNewVisitForm,0.236603766,0.238475467,1.007910700
1779777882719,org.springframework.samples.petclinic.owner.PetController.populatePetTypes,0.170706134,0.172408740,1.009973900
1779777882719,org.springframework.samples.petclinic.owner.OwnerController.processFindForm;org.springframework.samples.petclinic.owner.OwnerController.findPaginatedForOwnersLastName,0.056902045,0.057469580,1.009973900
1779777885934,org.springframework.samples.petclinic.owner.PetController.populatePetTypes,0.370266220,0.373194249,1.007907900
1779777885934,org.springframework.samples.petclinic.vet.VetController.showVetList;org.springframework.samples.petclinic.vet.VetController.findPaginated,0.185133110,0.186597124,1.007907900
1779777886993,org.springframework.samples.petclinic.owner.VisitController.processNewVisitForm,0.095548847,0.095552526,1.000038500
1779777888055,org.springframework.samples.petclinic.vet.VetController.showVetList;org.springframework.samples.petclinic.vet.VetController.findPaginated,0.105988894,0.106445176,1.004305000
1779777888055,org.springframework.samples.petclinic.owner.VisitController.processNewVisitForm,0.105988894,0.106445176,1.004305000
1779777889129,org.springframework.samples.petclinic.owner.VisitController.processNewVisitForm,0.439530469,0.444040096,1.010260100
1779777890201,org.springframework.samples.petclinic.owner.OwnerController.findOwner,0.149983951,0.150055434,1.000476600
1779777891270,org.springframework.samples.petclinic.owner.VisitController.loadPetWithVisit,0.029955825,0.030039088,1.002779500
1779777892341,org.springframework.samples.petclinic.owner.OwnerController.showOwner,0.256816442,0.258040044,1.004764500
1779777893400,org.springframework.samples.petclinic.vet.VetController.showVetList;org.springframework.samples.petclinic.vet.VetController.findPaginated,0.557029720,0.560809947,1.006786400
1779777894470,org.springframework.samples.petclinic.owner.OwnerController.findOwner,0.133033875,0.134417507,1.010400600
1779777896595,org.springframework.samples.petclinic.owner.OwnerController.processFindForm;org.springframework.samples.petclinic.owner.OwnerController.findPaginatedForOwnersLastName,0.090909055,0.091225482,1.003480700
1779777897658,org.springframework.samples.petclinic.owner.OwnerController.processFindForm;org.springframework.samples.petclinic.owner.OwnerController.findPaginatedForOwnersLastName,0.194442771,0.195217625,1.003985000
1779777899791,org.springframework.samples.petclinic.vet.VetController.showVetList;org.springframework.samples.petclinic.vet.VetController.findPaginated,0.027509856,0.027690697,1.006573700
1779777899791,org.springframework.samples.petclinic.owner.VisitController.processNewVisitForm,0.165059134,0.166144183,1.006573700
1779777901933,org.springframework.samples.petclinic.owner.OwnerController.processFindForm;org.springframework.samples.petclinic.owner.OwnerController.findPaginatedForOwnersLastName,0.086768620,0.086929029,1.001848700
1779777904068,org.springframework.samples.petclinic.owner.OwnerController.processFindForm;org.springframework.samples.petclinic.owner.OwnerController.findPaginatedForOwnersLastName,0.126084192,0.126202232,1.000936200
1779777905133,org.springframework.samples.petclinic.owner.OwnerController.processFindForm;org.springframework.samples.petclinic.owner.OwnerController.findPaginatedForOwnersLastName,0.181928440,0.182826766,1.004937800
1779777908336,org.springframework.samples.petclinic.owner.OwnerController.showOwner,0.118877688,0.119457026,1.004873400
1779777909409,org.springframework.samples.petclinic.owner.OwnerController.processFindForm;org.springframework.samples.petclinic.owner.OwnerController.findPaginatedForOwnersLastName,0.156009845,0.157267440,1.008061000
1779777910473,org.springframework.samples.petclinic.owner.VisitController.processNewVisitForm,0.351259293,0.353268215,1.005719200
1779777914758,org.springframework.samples.petclinic.owner.PetController.findOwner,0.097545859,0.098011846,1.004777100
1779777915840,org.springframework.samples.petclinic.owner.OwnerController.processFindForm;org.springframework.samples.petclinic.owner.OwnerController.findPaginatedForOwnersLastName,0.083763945,0.084660269,1.010700600
1779777915840,org.springframework.samples.petclinic.owner.VisitController.processNewVisitForm,0.083763945,0.084660269,1.010700600
1779777916902,org.springframework.samples.petclinic.owner.OwnerController.findOwner,0.174846384,0.174848203,1.000010400
1779777916902,org.springframework.samples.petclinic.owner.OwnerController.processFindForm;org.springframework.samples.petclinic.owner.OwnerController.findPaginatedForOwnersLastName,0.087423192,0.087424101,1.000010400
1779777916902,org.springframework.samples.petclinic.owner.VisitController.processNewVisitForm,0.043711596,0.043712051,1.000010400
1779777917978,org.springframework.samples.petclinic.owner.OwnerController.processFindForm,0.039444383,0.039838463,1.009990800
1779777919040,org.springframework.samples.petclinic.owner.VisitController.processNewVisitForm,0.138085968,0.138494771,1.002960500
1779777920105,org.springframework.samples.petclinic.owner.VisitController.processNewVisitForm,0.227162849,0.227522448,1.001583000
1779777924388,org.springframework.samples.petclinic.owner.OwnerController.processFindForm;org.springframework.samples.petclinic.owner.OwnerController.findPaginatedForOwnersLastName,0.102996146,0.103750490,1.007324000
1779777924388,org.springframework.samples.petclinic.owner.PetTypeFormatter.parse;org.springframework.samples.petclinic.owner.PetTypeFormatter.parse,0.051498073,0.051875245,1.007324000
1779777926520,org.springframework.samples.petclinic.owner.OwnerController.findOwner,0.068681573,0.068765556,1.001222800
1779777926520,org.springframework.samples.petclinic.owner.OwnerController.processFindForm;org.springframework.samples.petclinic.owner.OwnerController.findPaginatedForOwnersLastName,0.068681573,0.068765556,1.001222800
1779777928656,org.springframework.samples.petclinic.owner.OwnerController.findOwner,0.176455328,0.177498408,1.005911300
1779777930812,org.springframework.samples.petclinic.owner.PetTypeFormatter.parse;org.springframework.samples.petclinic.owner.PetTypeFormatter.parse,0.109035293,0.109922535,1.008137200
1779777931888,org.springframework.samples.petclinic.owner.VisitController.loadPetWithVisit,0.057403619,0.057656849,1.004411400
1779777931888,org.springframework.samples.petclinic.owner.OwnerController.findOwner,0.057403619,0.057656849,1.004411400
1779777931888,org.springframework.samples.petclinic.owner.PetController.populatePetTypes,0.028701809,0.028828425,1.004411400
1779777931888,org.springframework.samples.petclinic.owner.OwnerController.processFindForm;org.springframework.samples.petclinic.owner.OwnerController.findPaginatedForOwnersLastName,0.019134540,0.019218950,1.004411400
1779777932957,org.springframework.samples.petclinic.owner.OwnerController.processFindForm;org.springframework.samples.petclinic.owner.OwnerController.findPaginatedForOwnersLastName,0.231612914,0.233249560,1.007066300
1779777935100,org.springframework.samples.petclinic.owner.OwnerController.processFindForm;org.springframework.samples.petclinic.owner.OwnerController.findPaginatedForOwnersLastName,0.063004196,0.063462734,1.007277900
1779777939370,org.springframework.samples.petclinic.owner.OwnerController.findOwner,0.058984958,0.059308225,1.005480500
1779777939370,org.springframework.samples.petclinic.owner.OwnerController.processFindForm;org.springframework.samples.petclinic.owner.OwnerController.findPaginatedForOwnersLastName,0.058984958,0.059308225,1.005480500
1779777940438,org.springframework.samples.petclinic.owner.VisitController.processNewVisitForm,0.071781909,0.072023305,1.003362900
1779777943649,org.springframework.samples.petclinic.owner.PetController.populatePetTypes,0.128651662,0.129583962,1.007246700
1779777945777,org.springframework.samples.petclinic.owner.VisitController.loadPetWithVisit,0.180401400,0.181771963,1.007597300
1779777956583,org.springframework.samples.petclinic.owner.OwnerController.processFindForm;org.springframework.samples.petclinic.owner.OwnerController.findPaginatedForOwnersLastName,0.177809380,0.179183082,1.007725700
1779777958744,org.springframework.samples.petclinic.owner.PetTypeFormatter.parse;org.springframework.samples.petclinic.owner.PetTypeFormatter.parse,0.132319869,0.132693329,1.002822400
1779777960897,org.springframework.samples.petclinic.owner.VisitController.loadPetWithVisit,0.140223904,0.141584188,1.009700800
1779777961967,org.springframework.samples.petclinic.owner.OwnerController.findOwner,0.157586295,0.159056575,1.009330000
1779777964100,org.springframework.samples.petclinic.owner.PetController.findOwner,0.031072532,0.031335794,1.008472500
1779777965176,org.springframework.samples.petclinic.owner.OwnerController.findOwner,0.054838933,0.055197014,1.006529700
1779777965176,org.springframework.samples.petclinic.owner.PetTypeFormatter.parse;org.springframework.samples.petclinic.owner.PetTypeFormatter.parse,0.054838933,0.055197014,1.006529700
1779777968416,org.springframework.samples.petclinic.owner.PetTypeFormatter.parse;org.springframework.samples.petclinic.owner.PetTypeFormatter.parse,0.089398877,0.089985066,1.006557000
1779777968416,org.springframework.samples.petclinic.owner.VisitController.processNewVisitForm,0.089398877,0.089985066,1.006557000
1779777972712,org.springframework.samples.petclinic.owner.OwnerController.processFindForm;org.springframework.samples.petclinic.owner.OwnerController.findPaginatedForOwnersLastName,0.068900843,0.069155018,1.003689000
1779777973793,org.springframework.samples.petclinic.owner.OwnerController.processFindForm;org.springframework.samples.petclinic.owner.OwnerController.findPaginatedForOwnersLastName,0.059636526,0.060104452,1.007846300
1779777973793,org.springframework.samples.petclinic.owner.PetTypeFormatter.parse;org.springframework.samples.petclinic.owner.PetTypeFormatter.parse,0.089454789,0.090156678,1.007846300
1779777974863,org.springframework.samples.petclinic.owner.PetTypeFormatter.parse;org.springframework.samples.petclinic.owner.PetTypeFormatter.parse,0.125661523,0.126973405,1.010439800
1779777978087,org.springframework.samples.petclinic.owner.OwnerController.processFindForm;org.springframework.samples.petclinic.owner.OwnerController.findPaginatedForOwnersLastName,0.176781931,0.178640546,1.010513600
1779777980228,org.springframework.samples.petclinic.owner.PetController.populatePetTypes,0.052746435,0.053287455,1.010257000
1779777983425,org.springframework.samples.petclinic.owner.PetTypeFormatter.parse;org.springframework.samples.petclinic.owner.PetTypeFormatter.parse,0.068486021,0.068883637,1.005805800
1779777986624,org.springframework.samples.petclinic.owner.OwnerController.processFindForm;org.springframework.samples.petclinic.owner.OwnerController.findPaginatedForOwnersLastName,0.183005733,0.184899550,1.010348400
1779777988761,org.springframework.samples.petclinic.owner.VisitController.processNewVisitForm,0.056808134,0.056829687,1.000379400
1779777989834,org.springframework.samples.petclinic.owner.OwnerController.processFindForm;org.springframework.samples.petclinic.owner.OwnerController.findPaginatedForOwnersLastName,0.071744642,0.072415361,1.009348700
1779777991999,org.springframework.samples.petclinic.owner.VisitController.loadPetWithVisit,0.050165088,0.050733293,1.011326700
1779777991999,org.springframework.samples.petclinic.owner.PetController.initOwnerBinder,0.100330177,0.101466587,1.011326700
1779777993064,org.springframework.samples.petclinic.owner.OwnerController.showOwner,0.099274942,0.099488761,1.002153800
1779777995193,org.springframework.samples.petclinic.owner.VisitController.loadPetWithVisit,0.078445502,0.078464917,1.000247500
1779777995193,org.springframework.samples.petclinic.owner.OwnerController.findOwner,0.078445502,0.078464917,1.000247500
1779777996260,org.springframework.samples.petclinic.owner.OwnerController.processFindForm;org.springframework.samples.petclinic.owner.OwnerController.findPaginatedForOwnersLastName,0.173684646,0.174101958,1.002402700
1779777996260,org.springframework.samples.petclinic.owner.OwnerController.showOwner,0.086842323,0.087050979,1.002402700
1779777997322,org.springframework.samples.petclinic.owner.OwnerController.showOwner,0.051452886,0.051467982,1.000293400
1779777998393,org.springframework.samples.petclinic.owner.OwnerController.findOwner,0.174157328,0.175663302,1.008647200
1779778000523,org.springframework.samples.petclinic.owner.OwnerController.findOwner,0.221767627,0.223731179,1.008854100
1779778003731,org.springframework.samples.petclinic.owner.VisitController.processNewVisitForm,0.200766742,0.201786778,1.005080700
1779778004798,org.springframework.samples.petclinic.owner.OwnerController.findOwner,0.089727457,0.090417794,1.007693700
1779778005888,org.springframework.samples.petclinic.owner.OwnerController.findOwner,0.028110669,0.028254669,1.005122600
1779778014429,org.springframework.samples.petclinic.owner.VisitController.processNewVisitForm,0.102560518,0.103230351,1.006531100
1779778016555,org.springframework.samples.petclinic.owner.OwnerController.findOwner,0.083382880,0.083492220,1.001311300
1779778017627,org.springframework.samples.petclinic.owner.PetController.findOwner,0.140694739,0.142228171,1.010899000
1779778019768,org.springframework.samples.petclinic.owner.PetController.populatePetTypes,0.092344448,0.092671209,1.003538500
1779778019768,org.springframework.samples.petclinic.owner.OwnerController.findOwner,0.123125931,0.123561612,1.003538500
1779778021906,org.springframework.samples.petclinic.owner.VisitController.processNewVisitForm,0.049038139,0.049264926,1.004624700
1779778022972,org.springframework.samples.petclinic.owner.VisitController.loadPetWithVisit,0.166365597,0.166549697,1.001106600
1779778022972,org.springframework.samples.petclinic.owner.PetController.findOwner,0.166365597,0.166549697,1.001106600
1779778039160,org.springframework.samples.petclinic.owner.OwnerController.processFindForm;org.springframework.samples.petclinic.owner.OwnerController.findPaginatedForOwnersLastName,0.060351783,0.060883482,1.008810000
1779778040221,org.springframework.samples.petclinic.owner.PetTypeFormatter.parse;org.springframework.samples.petclinic.owner.PetTypeFormatter.parse,0.163535636,0.163822641,1.001755000
1779778041290,org.springframework.samples.petclinic.owner.OwnerController.processFindForm;org.springframework.samples.petclinic.owner.OwnerController.findPaginatedForOwnersLastName,0.044080635,0.044278376,1.004485900
1779778043454,org.springframework.samples.petclinic.owner.PetController.findOwner,0.088790862,0.089807561,1.011450500
1779778045579,org.springframework.samples.petclinic.owner.VisitController.loadPetWithVisit,0.181319108,0.182941714,1.008948900
1779778051965,org.springframework.samples.petclinic.owner.OwnerController.findOwner,0.099075248,0.099615693,1.005454900
1779778053032,org.springframework.samples.petclinic.owner.OwnerController.showOwner,0.093343567,0.093622226,1.002985300
1779778054099,org.springframework.samples.petclinic.owner.OwnerController.processFindForm;org.springframework.samples.petclinic.owner.OwnerController.findPaginatedForOwnersLastName,0.043019188,0.043502100,1.011225500
1779778056259,org.springframework.samples.petclinic.owner.PetTypeFormatter.parse;org.springframework.samples.petclinic.owner.PetTypeFormatter.parse,0.136477756,0.137880283,1.010276600
1779778058393,org.springframework.samples.petclinic.owner.VisitController.loadPetWithVisit,0.071216417,0.071814884,1.008403500
1779778061595,org.springframework.samples.petclinic.owner.PetController.populatePetTypes,0.098809962,0.099690161,1.008908000
1779778062655,org.springframework.samples.petclinic.owner.PetController.findOwner,0.097840292,0.098329200,1.004997000
1779778063736,org.springframework.samples.petclinic.owner.OwnerController.findOwner,0.093991823,0.094674411,1.007262200
1779778065871,org.springframework.samples.petclinic.owner.PetTypeFormatter.parse;org.springframework.samples.petclinic.owner.PetTypeFormatter.parse,0.036113192,0.036359152,1.006810800
1779778066960,org.springframework.samples.petclinic.owner.OwnerController.findOwner,0.087630338,0.088289029,1.007516700
1779778066960,org.springframework.samples.petclinic.owner.OwnerController.processFindForm;org.springframework.samples.petclinic.owner.OwnerController.findPaginatedForOwnersLastName,0.087630338,0.088289029,1.007516700
1779778066960,org.springframework.samples.petclinic.owner.VisitController.processNewVisitForm,0.087630338,0.088289029,1.007516700
1779778072293,org.springframework.samples.petclinic.owner.OwnerController.showOwner,0.188494613,0.188846061,1.001864500
1779778076555,org.springframework.samples.petclinic.owner.OwnerController.processFindForm;org.springframework.samples.petclinic.owner.OwnerController.findPaginatedForOwnersLastName,0.092633687,0.093604923,1.010484700
1779778076555,org.springframework.samples.petclinic.owner.PetController.processCreationForm;org.springframework.samples.petclinic.owner.Owner.getPet,0.092633687,0.093604923,1.010484700
1779778078679,org.springframework.samples.petclinic.owner.OwnerController.findOwner,0.128154167,0.129037674,1.006894100
1779778081879,org.springframework.samples.petclinic.owner.OwnerController.findOwner,0.105797523,0.106824426,1.009706300
1779778081879,org.springframework.samples.petclinic.owner.OwnerController.processFindForm;org.springframework.samples.petclinic.owner.OwnerController.findPaginatedForOwnersLastName,0.105797523,0.106824426,1.009706300
1779778082971,org.springframework.samples.petclinic.owner.OwnerController.findOwner,0.056544587,0.056712049,1.002961600
1779778082971,org.springframework.samples.petclinic.owner.PetController.populatePetTypes,0.028272294,0.028356025,1.002961600
1779778082971,org.springframework.samples.petclinic.owner.OwnerController.processFindForm;org.springframework.samples.petclinic.owner.OwnerController.findPaginatedForOwnersLastName,0.056544587,0.056712049,1.002961600
1779778084045,org.springframework.samples.petclinic.owner.PetController.populatePetTypes,0.288457697,0.290466718,1.006964700
1779778085122,org.springframework.samples.petclinic.owner.PetController.findOwner,0.116545603,0.117008697,1.003973500
1779778089411,org.springframework.samples.petclinic.owner.VisitController.processNewVisitForm,0.153027686,0.154016291,1.006460300
1779778091553,org.springframework.samples.petclinic.owner.OwnerController.findOwner,0.200439950,0.201261674,1.004099600
1779778093681,org.springframework.samples.petclinic.owner.VisitController.loadPetWithVisit,0.045183346,0.045451644,1.005938000
1779778093681,org.springframework.samples.petclinic.owner.VisitController.processNewVisitForm,0.045183346,0.045451644,1.005938000
1779778094751,org.springframework.samples.petclinic.owner.OwnerController.processFindForm;org.springframework.samples.petclinic.owner.OwnerController.findPaginatedForOwnersLastName,0.083108091,0.084013279,1.010891700
1779778095812,org.springframework.samples.petclinic.owner.VisitController.loadPetWithVisit,0.057814849,0.057852059,1.000643600
1779778095812,org.springframework.samples.petclinic.owner.PetController.findOwner,0.057814849,0.057852059,1.000643600
1779778096881,org.springframework.samples.petclinic.owner.OwnerController.findOwner,0.223889904,0.225277731,1.006198700
1779778096881,org.springframework.samples.petclinic.owner.OwnerController.processFindForm;org.springframework.samples.petclinic.owner.OwnerController.findPaginatedForOwnersLastName,0.447779809,0.450555462,1.006198700
1779778100073,org.springframework.samples.petclinic.owner.VisitController.loadPetWithVisit,0.445813372,0.448575988,1.006196800
1779778115178,org.springframework.samples.petclinic.owner.OwnerController.processFindForm;org.springframework.samples.petclinic.owner.OwnerController.findPaginatedForOwnersLastName,0.065942351,0.066661149,1.010900400
1779778115178,org.springframework.samples.petclinic.owner.VisitController.processNewVisitForm,0.065942351,0.066661149,1.010900400
1779778116263,org.springframework.samples.petclinic.owner.VisitController.processNewVisitForm,0.059224978,0.059717682,1.008319200
1779778119497,org.springframework.samples.petclinic.owner.VisitController.processNewVisitForm,0.033967647,0.034355133,1.011407500
1779778120558,org.springframework.samples.petclinic.owner.OwnerController.processFindForm;org.springframework.samples.petclinic.owner.OwnerController.findPaginatedForOwnersLastName,0.088213496,0.088566491,1.004001600
1779778121626,org.springframework.samples.petclinic.owner.PetController.populatePetTypes,0.346750570,0.348176686,1.004112800
1779778122696,org.springframework.samples.petclinic.owner.VisitController.loadPetWithVisit,0.201160721,0.202976358,1.009025800
1779778122696,org.springframework.samples.petclinic.owner.OwnerController.processFindForm;org.springframework.samples.petclinic.owner.OwnerController.findPaginatedForOwnersLastName,0.100580361,0.101488179,1.009025800
1779778125884,org.springframework.samples.petclinic.owner.OwnerController.findOwner,0.723583683,0.724988448,1.001941400
1779778126956,org.springframework.samples.petclinic.owner.VisitController.loadPetWithVisit,0.152169966,0.153699503,1.010051500
1779778126956,org.springframework.samples.petclinic.owner.OwnerController.findOwner,0.152169966,0.153699503,1.010051500
1779778130148,org.springframework.samples.petclinic.owner.VisitController.loadPetWithVisit,0.056592416,0.056632681,1.000711500
1779778133385,org.springframework.samples.petclinic.owner.PetController.findOwner,0.109796891,0.110561912,1.006967600
1779778135532,org.springframework.samples.petclinic.owner.OwnerController.processFindForm;org.springframework.samples.petclinic.owner.OwnerController.findPaginatedForOwnersLastName,0.076505470,0.077241338,1.009618500
1779778135532,org.springframework.samples.petclinic.owner.OwnerController.showOwner,0.076505470,0.077241338,1.009618500
1779778137662,org.springframework.samples.petclinic.owner.OwnerController.findOwner,0.176957039,0.177303114,1.001955700
1779778137662,org.springframework.samples.petclinic.owner.VisitController.processNewVisitForm,0.176957039,0.177303114,1.001955700
1779778139798,org.springframework.samples.petclinic.owner.VisitController.loadPetWithVisit,0.115439034,0.116110058,1.005812800
1779778139798,org.springframework.samples.petclinic.owner.PetController.findOwner;org.springframework.samples.petclinic.owner.Visit.<init>,0.230878068,0.232220116,1.005812800
1779778140871,org.springframework.samples.petclinic.vet.VetController.showVetList;org.springframework.samples.petclinic.vet.VetController.findPaginated,0.092210689,0.092878221,1.007239200
1779778140871,org.springframework.samples.petclinic.owner.OwnerController.showOwner,0.092210689,0.092878221,1.007239200
1779778141946,org.springframework.samples.petclinic.owner.OwnerController.findOwner,0.044996042,0.045352186,1.007915000
1779778141946,org.springframework.samples.petclinic.owner.OwnerController.processFindForm;org.springframework.samples.petclinic.owner.OwnerController.findPaginatedForOwnersLastName,0.089992084,0.090704371,1.007915000
1779778144100,org.springframework.samples.petclinic.owner.OwnerController.findOwner,0.129229109,0.129883460,1.005063500
1779778146234,org.springframework.samples.petclinic.owner.OwnerController.processFindForm;org.springframework.samples.petclinic.owner.OwnerController.findPaginatedForOwnersLastName,0.053530868,0.053917061,1.007214400
1779778147295,org.springframework.samples.petclinic.owner.OwnerController.processFindForm;org.springframework.samples.petclinic.owner.OwnerController.findPaginatedForOwnersLastName;org.springframework.samples.petclinic.owner.Visit.<init>,0.050115852,0.050382328,1.005317200
1779778148360,org.springframework.samples.petclinic.owner.PetController.findOwner,0.067674508,0.067786435,1.001653900
1779778148360,org.springframework.samples.petclinic.owner.OwnerController.processFindForm;org.springframework.samples.petclinic.owner.OwnerController.findPaginatedForOwnersLastName,0.067674508,0.067786435,1.001653900
1779778150494,org.springframework.samples.petclinic.owner.PetController.findOwner,0.208181501,0.210014393,1.008804300
1779778150494,org.springframework.samples.petclinic.owner.OwnerController.processFindForm;org.springframework.samples.petclinic.owner.OwnerController.findPaginatedForOwnersLastName,0.208181501,0.210014393,1.008804300
1779778151565,org.springframework.samples.petclinic.owner.PetController.populatePetTypes,0.431366957,0.435419520,1.009394700
1779778152636,org.springframework.samples.petclinic.owner.OwnerController.findOwner,0.041757843,0.042154697,1.009503700
1779778152636,org.springframework.samples.petclinic.owner.VisitController.loadPetWithVisit;org.springframework.samples.petclinic.owner.Visit.<init>,0.041757843,0.042154697,1.009503700
1779778152636,org.springframework.samples.petclinic.owner.VisitController.processNewVisitForm,0.020878922,0.021077349,1.009503700
1779778153706,org.springframework.samples.petclinic.owner.VisitController.loadPetWithVisit,0.070875530,0.071607228,1.010323700
1779778154774,org.springframework.samples.petclinic.owner.VisitController.processNewVisitForm,0.030403741,0.030637190,1.007678300
1779778155842,org.springframework.samples.petclinic.owner.OwnerController.findOwner,0.259335940,0.261510550,1.008385300
1779778155842,org.springframework.samples.petclinic.owner.OwnerController.showOwner,0.259335940,0.261510550,1.008385300
1779778157969,org.springframework.samples.petclinic.owner.VisitController.processNewVisitForm,0.116122439,0.116229562,1.000922500
1779778159037,org.springframework.samples.petclinic.owner.OwnerController.findOwner,0.192459437,0.194152945,1.008799300
1779778159037,org.springframework.samples.petclinic.owner.PetController.findOwner,0.192459437,0.194152945,1.008799300
1779778164379,org.springframework.samples.petclinic.owner.VisitController.processNewVisitForm,0.034952361,0.035087305,1.003860800
1779778166544,org.springframework.samples.petclinic.owner.VisitController.loadPetWithVisit,0.087970603,0.088878468,1.010320100
1779778166544,org.springframework.samples.petclinic.owner.OwnerController.findOwner,0.087970603,0.088878468,1.010320100
1779778167606,org.springframework.samples.petclinic.owner.PetController.findOwner,0.072754930,0.072966945,1.002914100
1779778170789,org.springframework.samples.petclinic.owner.PetController.processCreationForm;org.springframework.samples.petclinic.owner.Owner.getPet,0.036231332,0.036357399,1.003479500
1779778171855,org.springframework.samples.petclinic.owner.PetController.findOwner,0.101819342,0.102449176,1.006185800
1779778171855,org.springframework.samples.petclinic.owner.VisitController.processNewVisitForm,0.050909671,0.051224588,1.006185800
1779778173993,org.springframework.samples.petclinic.owner.OwnerController.processFindForm;org.springframework.samples.petclinic.owner.OwnerController.findPaginatedForOwnersLastName,0.196222647,0.197246654,1.005218600
1779778173993,org.springframework.samples.petclinic.owner.VisitController.processNewVisitForm;org.springframework.samples.petclinic.owner.Visit.<init>,0.196222647,0.197246654,1.005218600
1779778175055,org.springframework.samples.petclinic.owner.PetTypeFormatter.parse;org.springframework.samples.petclinic.owner.PetTypeFormatter.parse,0.124395193,0.124769299,1.003007400
1779778176129,org.springframework.samples.petclinic.owner.OwnerController.showOwner,0.114031073,0.114872030,1.007374800
1779778194471,org.springframework.samples.petclinic.owner.OwnerController.showOwner,0.050877904,0.051406439,1.010388300
1779778197685,org.springframework.samples.petclinic.owner.OwnerController.findOwner,0.098625524,0.099523263,1.009102500
1779778198759,org.springframework.samples.petclinic.owner.PetController.populatePetTypes,0.280262144,0.280574272,1.001113700
1779778199825,org.springframework.samples.petclinic.owner.OwnerController.processFindForm;org.springframework.samples.petclinic.owner.OwnerController.findPaginatedForOwnersLastName,0.094252882,0.094861134,1.006453400
1779778200892,org.springframework.samples.petclinic.owner.PetController.findOwner,0.654687629,0.660800251,1.009336700
1779778203021,org.springframework.samples.petclinic.owner.PetController.findOwner,0.150163664,0.151158288,1.006623600
1779778205150,org.springframework.samples.petclinic.owner.OwnerController.processFindForm;org.springframework.samples.petclinic.owner.OwnerController.findPaginatedForOwnersLastName,0.109995546,0.110221851,1.002057400
1779778205150,org.springframework.samples.petclinic.owner.VisitController.processNewVisitForm,0.109995546,0.110221851,1.002057400
1779778206214,org.springframework.samples.petclinic.owner.PetController.findOwner,0.100465855,0.101031347,1.005628700
1779778206214,org.springframework.samples.petclinic.owner.VisitController.processNewVisitForm,0.050232928,0.050515674,1.005628700
1779778208360,org.springframework.samples.petclinic.owner.PetController.populatePetTypes,0.544296920,0.549985312,1.010450900
1779778209430,org.springframework.samples.petclinic.owner.OwnerController.findOwner,0.047292209,0.047840335,1.011590200
1779778209430,org.springframework.samples.petclinic.owner.VisitController.processNewVisitForm,0.047292209,0.047840335,1.011590200
1779778211605,org.springframework.samples.petclinic.owner.PetController.findOwner,0.480633939,0.484252199,1.007528100
1779778220143,org.springframework.samples.petclinic.owner.VisitController.processNewVisitForm,0.048006670,0.048469061,1.009631800
1779778222273,org.springframework.samples.petclinic.owner.PetController.findOwner,0.105371377,0.105715994,1.003270500
1779778223339,org.springframework.samples.petclinic.owner.OwnerController.processFindForm;org.springframework.samples.petclinic.owner.OwnerController.findPaginatedForOwnersLastName,0.127294352,0.128108106,1.006392700
1779778224400,org.springframework.samples.petclinic.owner.VisitController.loadPetWithVisit,0.187632372,0.187844585,1.001131000
1779778229730,org.springframework.samples.petclinic.owner.OwnerController.findOwner,0.049915060,0.049945434,1.000608500
1779778230794,org.springframework.samples.petclinic.owner.OwnerController.processFindForm;org.springframework.samples.petclinic.owner.OwnerController.findPaginatedForOwnersLastName,0.152180235,0.152560153,1.002496500
1779778231895,org.springframework.samples.petclinic.owner.VisitController.loadPetWithVisit,0.123137366,0.124489956,1.010984400
1779778232962,org.springframework.samples.petclinic.owner.OwnerController.processFindForm;org.springframework.samples.petclinic.owner.OwnerController.findPaginatedForOwnersLastName,0.068320238,0.068362364,1.000616600
1779778234029,org.springframework.samples.petclinic.owner.VisitController.loadPetWithVisit,0.105183033,0.105523826,1.003240000
1779778235099,org.springframework.samples.petclinic.owner.VisitController.loadPetWithVisit,0.113309394,0.114131669,1.007256900
1779778235099,org.springframework.samples.petclinic.owner.OwnerController.processFindForm;org.springframework.samples.petclinic.owner.OwnerController.findPaginatedForOwnersLastName,0.056654697,0.057065834,1.007256900
1779778235099,org.springframework.samples.petclinic.owner.OwnerController.showOwner,0.056654697,0.057065834,1.007256900
1779778240429,org.springframework.samples.petclinic.owner.VisitController.processNewVisitForm,0.134830507,0.136152264,1.009803100
1779778241492,org.springframework.samples.petclinic.owner.VisitController.processNewVisitForm,0.163909381,0.164340168,1.002628200
1779778244691,org.springframework.samples.petclinic.owner.OwnerController.findOwner,0.130463195,0.130889588,1.003268300
1779778245764,org.springframework.samples.petclinic.owner.OwnerController.findOwner,0.172987957,0.174732938,1.010087300
1779778245764,org.springframework.samples.petclinic.owner.PetController.findOwner,0.345975913,0.349465876,1.010087300
1779778246833,org.springframework.samples.petclinic.owner.OwnerController.showOwner,0.086538164,0.087256613,1.008302100
1779778247900,org.springframework.samples.petclinic.owner.OwnerController.processFindForm;org.springframework.samples.petclinic.owner.OwnerController.findPaginatedForOwnersLastName,0.062350089,0.062917830,1.009105700
1779778248960,org.springframework.samples.petclinic.owner.OwnerController.showOwner,0.088840820,0.089134430,1.003304900
1779778250019,org.springframework.samples.petclinic.owner.OwnerController.processFindForm;org.springframework.samples.petclinic.owner.OwnerController.findPaginatedForOwnersLastName,0.026499156,0.026524542,1.000958000
1779778252161,org.springframework.samples.petclinic.owner.VisitController.processNewVisitForm,0.164304509,0.165056876,1.004579100
1779778253223,org.springframework.samples.petclinic.owner.VisitController.processNewVisitForm,0.161581631,0.162333389,1.004652500
1779778254291,org.springframework.samples.petclinic.owner.PetTypeFormatter.parse;org.springframework.samples.petclinic.owner.PetTypeFormatter.parse,0.070542061,0.071261230,1.010194900
1779778257487,org.springframework.samples.petclinic.owner.PetTypeFormatter.parse;org.springframework.samples.petclinic.owner.PetTypeFormatter.parse,0.121749087,0.122163789,1.003406200
1779778283281,org.springframework.samples.petclinic.PetClinicApplication.main,2.778624835,2.793628297,1.005399600
1779778284431,org.springframework.samples.petclinic.PetClinicApplication.main,8.982505189,9.009408690,1.002995100
1779778285521,org.springframework.samples.petclinic.PetClinicApplication.main,5.352340653,5.371923797,1.003658800
1779778286617,org.springframework.samples.petclinic.PetClinicApplication.main,7.995943598,8.046901746,1.006373000
1779778286617,org.springframework.samples.petclinic.PetClinicApplication.main;org.springframework.samples.petclinic.system.WebConfiguration$$SpringCGLIB$$0.<clinit>;org.springframework.samples.petclinic.system.WebConfiguration$$SpringCGLIB$$0.CGLIB$STATICHOOK1,0.285569414,0.287389348,1.006373000
1779778287700,org.springframework.samples.petclinic.PetClinicApplication.main,6.227920590,6.251376185,1.003766200
1779778288789,org.springframework.samples.petclinic.PetClinicApplication.main,4.912397904,4.929202726,1.003420900
1779778289871,org.springframework.samples.petclinic.PetClinicApplication.main,3.134047501,3.155039978,1.006698200
1779778290962,org.springframework.samples.petclinic.PetClinicApplication.main,5.483831647,5.502908801,1.003478800
1779778292047,org.springframework.samples.petclinic.PetClinicApplication.main,6.173627657,6.175684710,1.000333200
1779778305060,org.springframework.samples.petclinic.vet.VetController.showVetList;org.springframework.samples.petclinic.vet.VetController.findPaginated,1.054528102,1.062343631,1.007411400
1779778306140,org.springframework.samples.petclinic.owner.OwnerController.processFindForm;org.springframework.samples.petclinic.owner.OwnerController.findPaginatedForOwnersLastName,1.911013419,1.923705606,1.006641600
1779778307215,org.springframework.samples.petclinic.owner.OwnerController.processFindForm;org.springframework.samples.petclinic.owner.OwnerController.findPaginatedForOwnersLastName,0.121426250,0.121545248,1.000980000
1779778307215,org.springframework.samples.petclinic.owner.OwnerController.showOwner,0.121426250,0.121545248,1.000980000
1779778308304,org.springframework.samples.petclinic.owner.PetController.populatePetTypes,0.089898913,0.090554878,1.007296700
1779778308304,org.springframework.samples.petclinic.owner.OwnerController.findOwner,0.073763210,0.074301438,1.007296700
1779778308304,org.springframework.samples.petclinic.owner.OwnerController.processFindForm;org.springframework.samples.petclinic.owner.OwnerController.findPaginatedForOwnersLastName,0.184408026,0.185753596,1.007296700
1779778308304,org.springframework.samples.petclinic.owner.OwnerController.showOwner,0.055322408,0.055726079,1.007296700
1779778308304,org.springframework.samples.petclinic.owner.PetController.processCreationForm,0.643122990,0.647815666,1.007296700
1779778309379,org.springframework.samples.petclinic.owner.VisitController.loadPetWithVisit,0.403111252,0.404121731,1.002506700
1779778309379,org.springframework.samples.petclinic.owner.PetController.populatePetTypes,0.100777813,0.101030433,1.002506700
1779778309379,org.springframework.samples.petclinic.owner.OwnerController.findOwner,0.352722345,0.353606514,1.002506700
1779778309379,org.springframework.samples.petclinic.owner.PetTypeFormatter.parse;org.springframework.samples.petclinic.owner.PetTypeFormatter.parse,0.352722345,0.353606514,1.002506700
1779778309379,org.springframework.samples.petclinic.owner.OwnerController.showOwner,0.100777813,0.101030433,1.002506700
1779778309379,org.springframework.samples.petclinic.owner.VisitController.processNewVisitForm,0.151166719,0.151545649,1.002506700
1779778310468,org.springframework.samples.petclinic.owner.OwnerController.showOwner;org.springframework.samples.petclinic.owner.Visit.<init>,0.174189138,0.175895234,1.009794500
1779778310468,org.springframework.samples.petclinic.owner.PetController.populatePetTypes,0.087094569,0.087947617,1.009794500
1779778310468,org.springframework.samples.petclinic.owner.OwnerController.findOwner,0.087094569,0.087947617,1.009794500
1779778310468,org.springframework.samples.petclinic.owner.OwnerController.processFindForm;org.springframework.samples.petclinic.owner.OwnerController.findPaginatedForOwnersLastName,0.174189138,0.175895234,1.009794500
1779778310468,org.springframework.samples.petclinic.owner.PetTypeFormatter.parse;org.springframework.samples.petclinic.owner.PetTypeFormatter.parse,0.348378276,0.351790467,1.009794500
1779778310468,org.springframework.samples.petclinic.owner.VisitController.processNewVisitForm,0.087094569,0.087947617,1.009794500
1779778310468,org.springframework.samples.petclinic.owner.OwnerController.showOwner,0.348378276,0.351790467,1.009794500
1779778311541,org.springframework.samples.petclinic.owner.VisitController.loadPetWithVisit,0.076203193,0.076260879,1.000757000
1779778311541,org.springframework.samples.petclinic.owner.OwnerController.findOwner,0.400066764,0.400369614,1.000757000
1779778311541,org.springframework.samples.petclinic.owner.OwnerController.processFindForm;org.springframework.samples.petclinic.owner.OwnerController.findPaginatedForOwnersLastName,0.057152395,0.057195659,1.000757000
1779778311541,org.springframework.samples.petclinic.owner.PetController.findOwner,0.057152395,0.057195659,1.000757000
1779778311541,org.springframework.samples.petclinic.owner.PetTypeFormatter.parse;org.springframework.samples.petclinic.owner.PetTypeFormatter.parse,0.057152395,0.057195659,1.000757000
1779778311541,org.springframework.samples.petclinic.owner.OwnerController.showOwner,0.057152395,0.057195659,1.000757000
1779778312624,org.springframework.samples.petclinic.owner.VisitController.loadPetWithVisit,0.058930419,0.059115354,1.003138200
1779778312624,org.springframework.samples.petclinic.owner.OwnerController.findOwner,0.044197814,0.044336516,1.003138200
1779778312624,org.springframework.samples.petclinic.owner.PetController.findOwner,0.029465209,0.029557677,1.003138200
1779778312624,org.springframework.samples.petclinic.owner.PetTypeFormatter.parse;org.springframework.samples.petclinic.owner.PetTypeFormatter.parse,0.058930419,0.059115354,1.003138200
1779778313693,org.springframework.samples.petclinic.owner.PetTypeFormatter.parse;org.springframework.samples.petclinic.owner.PetTypeFormatter.parse,0.561031508,0.566214654,1.009238600
1779778313693,org.springframework.samples.petclinic.owner.VisitController.processNewVisitForm,0.160294717,0.161775615,1.009238600
1779778313693,org.springframework.samples.petclinic.owner.OwnerController.showOwner,0.240442075,0.242663423,1.009238600
1779778314757,org.springframework.samples.petclinic.owner.OwnerController.findOwner,0.268122577,0.269229709,1.004129200
1779778314757,org.springframework.samples.petclinic.owner.PetController.findOwner,0.134061289,0.134614855,1.004129200
1779778314757,org.springframework.samples.petclinic.owner.OwnerController.processFindForm;org.springframework.samples.petclinic.owner.OwnerController.findPaginatedForOwnersLastName,0.134061289,0.134614855,1.004129200
1779778315823,org.springframework.samples.petclinic.owner.VisitController.loadPetWithVisit,0.175526234,0.176349873,1.004692400
1779778315823,org.springframework.samples.petclinic.owner.OwnerController.processFindForm;org.springframework.samples.petclinic.owner.OwnerController.findPaginatedForOwnersLastName,0.175526234,0.176349873,1.004692400
1779778316883,org.springframework.samples.petclinic.owner.PetController.populatePetTypes,0.064467969,0.064763728,1.004587700
1779778316883,org.springframework.samples.petclinic.owner.OwnerController.findOwner,0.042978646,0.043175819,1.004587700
1779778316883,org.springframework.samples.petclinic.owner.PetTypeFormatter.parse;org.springframework.samples.petclinic.owner.PetTypeFormatter.parse,0.064467969,0.064763728,1.004587700
1779778316883,org.springframework.samples.petclinic.owner.Visit.getDate,0.064467969,0.064763728,1.004587700
1779778316883,org.springframework.samples.petclinic.owner.VisitController.processNewVisitForm,0.107446614,0.107939547,1.004587700
1779778317955,org.springframework.samples.petclinic.owner.PetController.findOwner,0.098940619,0.099930500,1.010004800
1779778317955,org.springframework.samples.petclinic.owner.PetTypeFormatter.parse;org.springframework.samples.petclinic.owner.PetTypeFormatter.parse,0.098940619,0.099930500,1.010004800
1779778317955,org.springframework.samples.petclinic.owner.VisitController.processNewVisitForm,0.148410928,0.149895750,1.010004800
1779778317955,org.springframework.samples.petclinic.owner.OwnerController.showOwner,0.247351547,0.249826250,1.010004800
1779778317955,org.springframework.samples.petclinic.owner.PetController.processCreationForm,0.074205464,0.074947875,1.010004800
1779778319027,org.springframework.samples.petclinic.owner.OwnerController.findOwner,0.095869110,0.096260630,1.004083900
1779778319027,org.springframework.samples.petclinic.owner.OwnerController.processFindForm;org.springframework.samples.petclinic.owner.OwnerController.findPaginatedForOwnersLastName,0.071901833,0.072195473,1.004083900
1779778319027,org.springframework.samples.petclinic.owner.PetTypeFormatter.parse;org.springframework.samples.petclinic.owner.PetTypeFormatter.parse,0.287607331,0.288781891,1.004083900
1779778319027,org.springframework.samples.petclinic.owner.VisitController.processNewVisitForm,0.143803665,0.144390945,1.004083900
1779778320083,org.springframework.samples.petclinic.owner.VisitController.loadPetWithVisit,0.146933449,0.147296507,1.002470900
1779778320083,org.springframework.samples.petclinic.owner.OwnerController.processFindForm;org.springframework.samples.petclinic.owner.OwnerController.findPaginatedForOwnersLastName,0.048977816,0.049098836,1.002470900
1779778320083,org.springframework.samples.petclinic.owner.PetTypeFormatter.parse;org.springframework.samples.petclinic.owner.PetTypeFormatter.parse,0.440800348,0.441889522,1.002470900
1779778321155,org.springframework.samples.petclinic.owner.OwnerController.findOwner,0.179959594,0.180056628,1.000539200
1779778321155,org.springframework.samples.petclinic.owner.VisitController.processNewVisitForm,0.089979797,0.090028314,1.000539200
1779778322218,org.springframework.samples.petclinic.owner.OwnerController.findOwner,0.142975445,0.143911705,1.006548400
1779778322218,org.springframework.samples.petclinic.owner.PetController.findOwner,0.142975445,0.143911705,1.006548400
1779778323297,org.springframework.samples.petclinic.owner.OwnerController.findOwner,0.081481230,0.082168166,1.008430600
1779778323297,org.springframework.samples.petclinic.owner.PetTypeFormatter.parse;org.springframework.samples.petclinic.owner.PetTypeFormatter.parse,0.162962460,0.164336331,1.008430600
1779778324370,org.springframework.samples.petclinic.owner.VisitController.loadPetWithVisit,0.099592570,0.100012890,1.004220400
1779778325459,org.springframework.samples.petclinic.owner.OwnerController.findOwner,0.044460793,0.044701708,1.005418600
1779778325459,org.springframework.samples.petclinic.owner.PetController.populatePetTypes,0.088921586,0.089403416,1.005418600
1779778325459,org.springframework.samples.petclinic.vet.Vet.getSpecialties,0.088921586,0.089403416,1.005418600
1779778325459,org.springframework.samples.petclinic.owner.VisitController.processNewVisitForm,0.044460793,0.044701708,1.005418600
1779778326532,org.springframework.samples.petclinic.owner.VisitController.loadPetWithVisit,0.168749436,0.169020329,1.001605300
1779778326532,org.springframework.samples.petclinic.owner.OwnerController.findOwner,0.168749436,0.169020329,1.001605300
1779778327599,org.springframework.samples.petclinic.owner.OwnerController.findOwner,0.081598942,0.081858345,1.003179000
1779778327599,org.springframework.samples.petclinic.owner.OwnerController.processFindForm;org.springframework.samples.petclinic.owner.OwnerController.findPaginatedForOwnersLastName,0.163197884,0.163716691,1.003179000
1779778327599,org.springframework.samples.petclinic.owner.PetController.findOwner,0.244796827,0.245575036,1.003179000
1779778327599,org.springframework.samples.petclinic.owner.PetTypeFormatter.parse;org.springframework.samples.petclinic.owner.PetTypeFormatter.parse,0.163197884,0.163716691,1.003179000
1779778327599,org.springframework.samples.petclinic.owner.VisitController.processNewVisitForm,0.163197884,0.163716691,1.003179000
1779778328669,org.springframework.samples.petclinic.owner.VisitController.loadPetWithVisit,0.047275633,0.047604634,1.006959200
1779778328669,org.springframework.samples.petclinic.owner.OwnerController.findOwner,0.047275633,0.047604634,1.006959200
1779778329730,org.springframework.samples.petclinic.owner.PetTypeFormatter.parse;org.springframework.samples.petclinic.owner.PetTypeFormatter.parse,0.180074873,0.181082788,1.005597200
1779778329730,org.springframework.samples.petclinic.owner.OwnerController.showOwner,0.180074873,0.181082788,1.005597200
1779778333994,org.springframework.samples.petclinic.owner.VisitController.loadPetWithVisit,0.040769258,0.041216558,1.010971500
1779778333994,org.springframework.samples.petclinic.owner.OwnerController.findOwner,0.285384805,0.288515905,1.010971500
1779778335052,org.springframework.samples.petclinic.owner.VisitController.loadPetWithVisit,0.060990229,0.061110490,1.001971800
1779778335052,org.springframework.samples.petclinic.owner.OwnerController.setAllowedFields,0.060990229,0.061110490,1.001971800
1779778336115,org.springframework.samples.petclinic.owner.OwnerController.findOwner,0.205194516,0.206087954,1.004354100
1779778337183,org.springframework.samples.petclinic.owner.OwnerController.showOwner,0.358916016,0.361999427,1.008590900
1779778337183,org.springframework.samples.petclinic.owner.VisitController.processNewVisitForm,0.269187012,0.271499571,1.008590900
1779778338246,org.springframework.samples.petclinic.owner.PetController.findOwner,0.237191982,0.237333704,1.000597500
1779778339303,org.springframework.samples.petclinic.owner.OwnerController.processFindForm;org.springframework.samples.petclinic.owner.OwnerController.findPaginatedForOwnersLastName,0.098506793,0.098608481,1.001032300
1779778339303,org.springframework.samples.petclinic.owner.VisitController.processNewVisitForm,0.147760189,0.147912722,1.001032300
1779778340370,org.springframework.samples.petclinic.owner.OwnerController.processFindForm;org.springframework.samples.petclinic.owner.OwnerController.findPaginatedForOwnersLastName,0.112379783,0.113081808,1.006246900
1779778341442,org.springframework.samples.petclinic.owner.VisitController.loadPetWithVisit,0.069625103,0.069853341,1.003278100
1779778342509,org.springframework.samples.petclinic.owner.OwnerController.findOwner,0.142660730,0.143011946,1.002461900
1779778343575,org.springframework.samples.petclinic.owner.PetController.findOwner,0.118586191,0.119797644,1.010215800
1779778343575,org.springframework.samples.petclinic.owner.VisitController.processNewVisitForm,0.118586191,0.119797644,1.010215800
1779778344638,org.springframework.samples.petclinic.owner.VisitController.processNewVisitForm,0.128411483,0.129193932,1.006093300
1779778345703,org.springframework.samples.petclinic.owner.PetController.findOwner,0.295668357,0.296879001,1.004094600
1779778346775,org.springframework.samples.petclinic.owner.VisitController.processNewVisitForm,0.031402677,0.031703700,1.009585900
1779778346775,org.springframework.samples.petclinic.owner.OwnerController.showOwner,0.094208031,0.095111100,1.009585900
1779778347844,org.springframework.samples.petclinic.owner.PetController.populatePetTypes,0.143668340,0.144644667,1.006795700
1779778348905,org.springframework.samples.petclinic.owner.PetController.findOwner,0.083665377,0.083914633,1.002979200
1779778348905,org.springframework.samples.petclinic.owner.VisitController.processNewVisitForm,0.083665377,0.083914633,1.002979200
1779778349977,org.springframework.samples.petclinic.model.NamedEntity.toString,0.119441061,0.119785589,1.002884500
1779778349977,org.springframework.samples.petclinic.owner.VisitController.processNewVisitForm,0.358323184,0.359356767,1.002884500
1779778352120,org.springframework.samples.petclinic.owner.OwnerController.findOwner,0.077288162,0.077828824,1.006995400
1779778352120,org.springframework.samples.petclinic.owner.OwnerController.showOwner,0.077288162,0.077828824,1.006995400
1779778354265,org.springframework.samples.petclinic.owner.VisitController.loadPetWithVisit,0.044803453,0.045008124,1.004568200
1779778354265,org.springframework.samples.petclinic.owner.OwnerController.findOwner,0.089606905,0.090016248,1.004568200
1779778354265,org.springframework.samples.petclinic.owner.PetController.findOwner,0.044803453,0.045008124,1.004568200
1779778355331,org.springframework.samples.petclinic.owner.OwnerController.findOwner,0.261781979,0.261907556,1.000479700
1779778355331,org.springframework.samples.petclinic.owner.PetTypeFormatter.parse;org.springframework.samples.petclinic.owner.PetTypeFormatter.parse,0.052356396,0.052381511,1.000479700
1779778356404,org.springframework.samples.petclinic.owner.VisitController.loadPetWithVisit,0.049653693,0.049865451,1.004264700
1779778356404,org.springframework.samples.petclinic.owner.PetTypeFormatter.parse;org.springframework.samples.petclinic.owner.PetTypeFormatter.parse,0.148961080,0.149596354,1.004264700
1779778357468,org.springframework.samples.petclinic.owner.OwnerController.findOwner,0.103702498,0.104082547,1.003664800
1779778358536,org.springframework.samples.petclinic.owner.OwnerController.processFindForm;org.springframework.samples.petclinic.owner.OwnerController.findPaginatedForOwnersLastName,0.268323590,0.269615783,1.004815800
1779778360683,org.springframework.samples.petclinic.owner.PetController.findOwner,0.046924201,0.047042694,1.002525200
1779778361751,org.springframework.samples.petclinic.owner.PetTypeFormatter.parse;org.springframework.samples.petclinic.owner.PetTypeFormatter.parse,0.116156145,0.116712870,1.004792900
1779778362813,org.springframework.samples.petclinic.owner.PetController.findOwner,0.134646551,0.135053789,1.003024500
1779778363879,org.springframework.samples.petclinic.owner.OwnerController.findOwner,0.135341777,0.136002163,1.004879400
1779778366031,org.springframework.samples.petclinic.owner.OwnerController.findOwner,0.061383707,0.061856005,1.007694200
1779778367098,org.springframework.samples.petclinic.owner.OwnerController.processFindForm;org.springframework.samples.petclinic.owner.OwnerController.findPaginatedForOwnersLastName,0.275926865,0.278654512,1.009885400
1779778368172,org.springframework.samples.petclinic.owner.OwnerController.findOwner,0.056328410,0.056832505,1.008949200
1779778368172,org.springframework.samples.petclinic.owner.PetTypeFormatter.parse;org.springframework.samples.petclinic.owner.PetTypeFormatter.parse,0.168985231,0.170497514,1.008949200
1779778368172,org.springframework.samples.petclinic.owner.OwnerController.showOwner,0.056328410,0.056832505,1.008949200
1779778369240,org.springframework.samples.petclinic.owner.PetTypeFormatter.parse;org.springframework.samples.petclinic.owner.PetTypeFormatter.parse,0.301619958,0.304292914,1.008862000
1779778369240,org.springframework.samples.petclinic.owner.VisitController.processNewVisitForm,0.150809979,0.152146457,1.008862000
1779778369240,org.springframework.samples.petclinic.owner.OwnerController.showOwner,0.150809979,0.152146457,1.008862000
1779778370311,org.springframework.samples.petclinic.owner.OwnerController.processFindForm;org.springframework.samples.petclinic.owner.OwnerController.findPaginatedForOwnersLastName,0.205465220,0.206905531,1.007010000
1779778370311,org.springframework.samples.petclinic.owner.VisitController.processNewVisitForm,0.410930440,0.413811062,1.007010000
1779778371377,org.springframework.samples.petclinic.owner.PetController.findOwner,0.366535951,0.369475716,1.008020400
1779778371377,org.springframework.samples.petclinic.owner.VisitController.processNewVisitForm,0.366535951,0.369475716,1.008020400
1779778372440,org.springframework.samples.petclinic.owner.VisitController.processNewVisitForm,0.294939041,0.296875286,1.006564900
1779778385371,org.springframework.samples.petclinic.owner.PetController.populatePetTypes,0.666603043,0.670103843,1.005251700
1779778387540,org.springframework.samples.petclinic.owner.PetTypeFormatter.parse;org.springframework.samples.petclinic.owner.PetTypeFormatter.parse,0.149692571,0.151059728,1.009133100
1779778388620,org.springframework.samples.petclinic.owner.PetController.populatePetTypes,0.216674207,0.217266139,1.002731900
1779778388620,org.springframework.samples.petclinic.owner.VisitController.processNewVisitForm,0.054168552,0.054316535,1.002731900
1779778389689,org.springframework.samples.petclinic.owner.VisitController.loadPetWithVisit,0.157609132,0.159000080,1.008825300
1779778390750,org.springframework.samples.petclinic.owner.VisitController.loadPetWithVisit,0.034672515,0.034708020,1.001024000
1779778390750,org.springframework.samples.petclinic.owner.PetTypeFormatter.parse;org.springframework.samples.petclinic.owner.PetTypeFormatter.parse,0.034672515,0.034708020,1.001024000
1779778390750,org.springframework.samples.petclinic.owner.VisitController.processNewVisitForm,0.069345031,0.069416040,1.001024000
1779778391809,org.springframework.samples.petclinic.owner.PetController.findOwner,0.077751825,0.077960977,1.002690000
1779778393948,org.springframework.samples.petclinic.owner.PetController.findOwner,0.115336024,0.116241193,1.007848100
1779778393948,org.springframework.samples.petclinic.owner.OwnerController.showOwner,0.057668012,0.058120597,1.007848100
1779778395047,org.springframework.samples.petclinic.owner.VisitController.loadPetWithVisit,0.180624906,0.182335605,1.009471000
1779778396106,org.springframework.samples.petclinic.owner.OwnerController.findOwner,0.139727749,0.139925729,1.001416900
1779778396106,org.springframework.samples.petclinic.vet.VetController.showVetList;org.springframework.samples.petclinic.vet.Vets.getVetList,0.139727749,0.139925729,1.001416900
1779778396106,org.springframework.samples.petclinic.owner.VisitController.processNewVisitForm,0.069863874,0.069962865,1.001416900
1779778397195,org.springframework.samples.petclinic.owner.VisitController.setAllowedFields,0.112153123,0.112562135,1.003646900
1779778398262,org.springframework.samples.petclinic.owner.OwnerController.processFindForm;org.springframework.samples.petclinic.owner.OwnerController.findPaginatedForOwnersLastName,0.132769571,0.133134289,1.002747000
1779778398262,org.springframework.samples.petclinic.owner.OwnerController.setAllowedFields,0.132769571,0.133134289,1.002747000
1779778398262,org.springframework.samples.petclinic.owner.VisitController.processNewVisitForm,0.132769571,0.133134289,1.002747000
1779778401477,org.springframework.samples.petclinic.owner.VisitController.loadPetWithVisit,0.089759219,0.090559440,1.008915200
1779778401477,org.springframework.samples.petclinic.owner.PetTypeFormatter.parse;org.springframework.samples.petclinic.owner.PetTypeFormatter.parse,0.089759219,0.090559440,1.008915200
1779778402542,org.springframework.samples.petclinic.owner.VisitController.loadPetWithVisit,0.035355752,0.035626655,1.007662200
1779778405748,org.springframework.samples.petclinic.owner.PetController.findOwner,0.035140213,0.035322257,1.005180500
1779778405748,org.springframework.samples.petclinic.owner.VisitController.processNewVisitForm,0.035140213,0.035322257,1.005180500
1779778406813,org.springframework.samples.petclinic.owner.OwnerController.processFindForm;org.springframework.samples.petclinic.owner.OwnerController.findPaginatedForOwnersLastName,0.024803496,0.024896650,1.003755700
1779778407877,org.springframework.samples.petclinic.owner.PetController.findOwner,0.062726143,0.063184797,1.007312000
1779778410020,org.springframework.samples.petclinic.owner.PetController.findOwner,0.055451410,0.056063455,1.011037500
1779778410020,org.springframework.samples.petclinic.owner.VisitController.processNewVisitForm,0.055451410,0.056063455,1.011037500
1779778411087,org.springframework.samples.petclinic.owner.OwnerController.findOwner,0.354241353,0.355546626,1.003684700
1779778412149,org.springframework.samples.petclinic.owner.PetTypeFormatter.parse;org.springframework.samples.petclinic.owner.PetTypeFormatter.parse,0.084801436,0.085119713,1.003753200
1779778412149,org.springframework.samples.petclinic.owner.OwnerController.showOwner,0.113068581,0.113492950,1.003753200
1779778414281,org.springframework.samples.petclinic.owner.PetTypeFormatter.parse;org.springframework.samples.petclinic.owner.PetTypeFormatter.parse,0.043193334,0.043597218,1.009350600
1779778415380,org.springframework.samples.petclinic.owner.PetController.populatePetTypes,0.125071380,0.125757797,1.005488200
1779778415380,org.springframework.samples.petclinic.owner.PetController.findOwner,0.083380920,0.083838531,1.005488200
1779778415380,org.springframework.samples.petclinic.owner.VisitController.processNewVisitForm,0.041690460,0.041919266,1.005488200
1779778416443,org.springframework.samples.petclinic.owner.OwnerController.findOwner,0.126227629,0.126535826,1.002441600
1779778417519,org.springframework.samples.petclinic.owner.OwnerController.findOwner,0.048146971,0.048221662,1.001551300
1779778419670,org.springframework.samples.petclinic.owner.VisitController.loadPetWithVisit,0.099262968,0.100020136,1.007627900
1779778419670,org.springframework.samples.petclinic.owner.PetController.findOwner,0.019852594,0.020004027,1.007627900
1779778419670,org.springframework.samples.petclinic.owner.VisitController.processNewVisitForm,0.039705187,0.040008054,1.007627900
1779778421797,org.springframework.samples.petclinic.owner.OwnerController.showOwner,0.069409360,0.069579996,1.002458400
1779778422867,org.springframework.samples.petclinic.owner.PetController.findOwner,0.093368821,0.093473282,1.001118800
1779778423939,org.springframework.samples.petclinic.owner.OwnerController.findOwner,0.100707867,0.101686395,1.009716500
1779778423939,org.springframework.samples.petclinic.owner.OwnerController.processFindForm;org.springframework.samples.petclinic.owner.OwnerController.findPaginatedForOwnersLastName,0.100707867,0.101686395,1.009716500
1779778425004,org.springframework.samples.petclinic.owner.PetController.populatePetTypes,0.044799541,0.045008142,1.004656300
1779778426073,org.springframework.samples.petclinic.owner.PetController.findOwner,0.077192982,0.077530732,1.004375400
1779778427151,org.springframework.samples.petclinic.owner.VisitController.processNewVisitForm,0.093199119,0.094164690,1.010360300
1779778429314,org.springframework.samples.petclinic.owner.PetTypeFormatter.parse;org.springframework.samples.petclinic.owner.PetTypeFormatter.parse,0.145237379,0.146496268,1.008667800
1779778431454,org.springframework.samples.petclinic.owner.VisitController.loadPetWithVisit,0.040559868,0.040853306,1.007234700
1779778432535,org.springframework.samples.petclinic.owner.PetTypeFormatter.parse;org.springframework.samples.petclinic.owner.PetTypeFormatter.parse,0.089017941,0.089022739,1.000053900
1779778433632,org.springframework.samples.petclinic.owner.PetTypeFormatter.parse;org.springframework.samples.petclinic.owner.PetTypeFormatter.parse,0.187328473,0.188820058,1.007962400
1779778436899,org.springframework.samples.petclinic.owner.OwnerController.processFindForm;org.springframework.samples.petclinic.owner.OwnerController.findPaginatedForOwnersLastName,0.123576532,0.124592319,1.008219900
1779778437978,org.springframework.samples.petclinic.vet.VetController.showVetList;org.springframework.samples.petclinic.vet.VetController.findPaginated,0.086348070,0.087101059,1.008720400
1779778437978,org.springframework.samples.petclinic.owner.OwnerController.findOwner,0.086348070,0.087101059,1.008720400
1779778439038,org.springframework.samples.petclinic.owner.OwnerController.processFindForm;org.springframework.samples.petclinic.owner.OwnerController.findPaginatedForOwnersLastName,0.135861653,0.136130129,1.001976100
1779778440124,org.springframework.samples.petclinic.owner.PetController.populatePetTypes,0.117190827,0.118404619,1.010357400
1779778440124,org.springframework.samples.petclinic.owner.OwnerController.processFindForm;org.springframework.samples.petclinic.owner.OwnerController.findPaginatedForOwnersLastName,0.117190827,0.118404619,1.010357400
1779778444545,org.springframework.samples.petclinic.owner.OwnerController.processFindForm;org.springframework.samples.petclinic.owner.OwnerController.findPaginatedForOwnersLastName,0.012411563,0.012728803,1.025560100
1779778449289,org.springframework.samples.petclinic.owner.PetTypeFormatter.parse;org.springframework.samples.petclinic.owner.PetTypeFormatter.parse,0.311705585,0.312456296,1.002408400
1779778449289,org.springframework.samples.petclinic.owner.OwnerController.showOwner,0.066794054,0.066954921,1.002408400
1779778482324,org.springframework.samples.petclinic.owner.PetTypeFormatter.parse;org.springframework.samples.petclinic.owner.PetTypeFormatter.parse,0.205578567,0.206055304,1.002319000
1779778483398,org.springframework.samples.petclinic.owner.PetController.findOwner,0.160767195,0.162250899,1.009228900
1779778483398,org.springframework.samples.petclinic.owner.VisitController.processNewVisitForm,0.160767195,0.162250899,1.009228900
1779778484478,org.springframework.samples.petclinic.owner.PetTypeFormatter.parse;org.springframework.samples.petclinic.owner.PetTypeFormatter.parse,0.041841878,0.042034196,1.004596300
1779778484478,org.springframework.samples.petclinic.owner.VisitController.processNewVisitForm,0.083683757,0.084068392,1.004596300
1779778485550,org.springframework.samples.petclinic.owner.OwnerController.processFindForm;org.springframework.samples.petclinic.owner.OwnerController.findPaginatedForOwnersLastName,0.140216201,0.140598430,1.002726000
1779778489861,org.springframework.samples.petclinic.owner.VisitController.loadPetWithVisit,0.277171632,0.280143799,1.010723200
1779778489861,org.springframework.samples.petclinic.owner.OwnerController.processFindForm;org.springframework.samples.petclinic.owner.OwnerController.findPaginatedForOwnersLastName,0.092390544,0.093381266,1.010723200
1779778491016,org.springframework.samples.petclinic.owner.PetTypeFormatter.parse;org.springframework.samples.petclinic.owner.PetTypeFormatter.parse,0.144279303,0.145992519,1.011874300
1779778491016,org.springframework.samples.petclinic.owner.VisitController.processNewVisitForm,0.057711721,0.058397007,1.011874300
1779778491016,org.springframework.samples.petclinic.owner.OwnerController.showOwner,0.057711721,0.058397007,1.011874300
1779778492183,org.springframework.samples.petclinic.owner.PetController.findOwner,0.018248064,0.018258544,1.000574300
1779778493399,org.springframework.samples.petclinic.owner.OwnerController.processFindForm;org.springframework.samples.petclinic.owner.OwnerController.findPaginatedForOwnersLastName,0.086803667,0.087573719,1.008871200
1779778493399,org.springframework.samples.petclinic.owner.OwnerController.showOwner,0.057869111,0.058382480,1.008871200
1779778494742,org.springframework.samples.petclinic.owner.PetController.populatePetTypes,0.011728175,0.012777096,1.089436000
1779778494742,org.springframework.samples.petclinic.owner.OwnerController.findOwner,0.046912700,0.051108384,1.089436000
1779778494742,org.springframework.samples.petclinic.owner.PetController.findOwner,0.018765080,0.020443354,1.089436000
1779778494742,org.springframework.samples.petclinic.owner.PetTypeFormatter.parse;org.springframework.samples.petclinic.owner.PetTypeFormatter.parse,0.043003308,0.046849352,1.089436000
1779778494742,org.springframework.samples.petclinic.owner.VisitController.processNewVisitForm,0.011728175,0.012777096,1.089436000
1779778498819,org.springframework.samples.petclinic.owner.OwnerController.findOwner,0.029911350,0.030287955,1.012590700
1779778498819,org.springframework.samples.petclinic.owner.PetTypeFormatter.parse;org.springframework.samples.petclinic.owner.PetTypeFormatter.parse,0.029911350,0.030287955,1.012590700
1779778500365,org.springframework.samples.petclinic.owner.OwnerController.processFindForm;org.springframework.samples.petclinic.owner.OwnerController.findPaginatedForOwnersLastName,0.084584621,0.085409608,1.009753400
1779778500365,org.springframework.samples.petclinic.owner.VisitController.processNewVisitForm,0.067667697,0.068327687,1.009753400
1779778502195,org.springframework.samples.petclinic.owner.PetController.populatePetTypes,0.036499702,0.037256191,1.020725900
1779778502195,org.springframework.samples.petclinic.owner.PetTypeFormatter.parse;org.springframework.samples.petclinic.owner.PetTypeFormatter.parse,0.213523255,0.217948716,1.020725900
1779778503699,org.springframework.samples.petclinic.owner.PetTypeFormatter.parse;org.springframework.samples.petclinic.owner.PetTypeFormatter.parse,0.082616766,0.083103726,1.005894200
1779778505330,org.springframework.samples.petclinic.owner.PetController.findOwner,0.009833520,0.009868952,1.003603200
1779778505330,org.springframework.samples.petclinic.owner.OwnerController.processFindForm;org.springframework.samples.petclinic.owner.OwnerController.findPaginatedForOwnersLastName,0.110135420,0.110532260,1.003603200
1779778506806,org.springframework.samples.petclinic.owner.PetController.populatePetTypes,0.022966314,0.023303354,1.014675400
1779778506806,org.springframework.samples.petclinic.owner.PetTypeFormatter.parse;org.springframework.samples.petclinic.owner.PetTypeFormatter.parse,0.122487010,0.124284556,1.014675400
1779778508182,org.springframework.samples.petclinic.owner.OwnerController.findOwner,0.026652741,0.027005759,1.013245100
1779778508182,org.springframework.samples.petclinic.owner.PetTypeFormatter.parse;org.springframework.samples.petclinic.owner.PetTypeFormatter.parse,0.079958222,0.081017277,1.013245100
1779778508182,org.springframework.samples.petclinic.owner.VisitController.processNewVisitForm,0.079958222,0.081017277,1.013245100
1779778509622,org.springframework.samples.petclinic.owner.OwnerController.processFindForm;org.springframework.samples.petclinic.owner.OwnerController.findPaginatedForOwnersLastName,0.245374028,0.249157990,1.015421200
1779778509622,org.springframework.samples.petclinic.owner.PetTypeFormatter.parse;org.springframework.samples.petclinic.owner.PetTypeFormatter.parse,0.056624776,0.057497998,1.015421200
1779778512027,org.springframework.samples.petclinic.owner.PetController.findOwner,0.029163837,0.029328875,1.005659000
1779778512027,org.springframework.samples.petclinic.owner.PetTypeFormatter.parse;org.springframework.samples.petclinic.owner.PetTypeFormatter.parse,0.024997574,0.025139035,1.005659000
1779778512027,org.springframework.samples.petclinic.owner.OwnerController.showOwner,0.024997574,0.025139035,1.005659000
1779778515127,org.springframework.samples.petclinic.owner.OwnerController.findOwner,0.035901278,0.041506329,1.156124000
1779778518020,org.springframework.samples.petclinic.owner.VisitController.processNewVisitForm,0.032329808,0.033250296,1.028471800
1779778519659,org.springframework.samples.petclinic.owner.OwnerController.processFindForm;org.springframework.samples.petclinic.owner.OwnerController.findPaginatedForOwnersLastName,0.041018639,0.041641179,1.015177000
1779778519659,org.springframework.samples.petclinic.owner.PetTypeFormatter.parse;org.springframework.samples.petclinic.owner.PetTypeFormatter.parse,0.046145969,0.046846326,1.015177000
1779778521144,org.springframework.samples.petclinic.owner.VisitController.loadPetWithVisit,0.109928346,0.111150551,1.011118200
1779778521144,org.springframework.samples.petclinic.owner.VisitController.processNewVisitForm,0.043971338,0.044460220,1.011118200
1779778523662,org.springframework.samples.petclinic.owner.OwnerController.findOwner,0.078464309,0.079946037,1.018884100
1779778523662,org.springframework.samples.petclinic.owner.PetController.populatePetTypes,0.052309539,0.053297358,1.018884100
1779778523662,org.springframework.samples.petclinic.owner.PetController.findOwner,0.165646875,0.168774967,1.018884100
1779778523662,org.springframework.samples.petclinic.owner.PetTypeFormatter.parse;org.springframework.samples.petclinic.owner.PetTypeFormatter.parse,0.204879030,0.208747986,1.018884100
1779778525706,org.springframework.samples.petclinic.vet.VetController.showVetList;org.springframework.samples.petclinic.vet.VetController.findPaginated,0.040870336,0.041223080,1.008630800
1779778525706,org.springframework.samples.petclinic.owner.OwnerController.findOwner,0.040870336,0.041223080,1.008630800
1779778525706,org.springframework.samples.petclinic.owner.VisitController.processNewVisitForm,0.013623445,0.013741027,1.008630800
1779778525706,org.springframework.samples.petclinic.owner.OwnerController.showOwner,0.013623445,0.013741027,1.008630800
1779778527738,org.springframework.samples.petclinic.owner.VisitController.loadPetWithVisit,0.038824565,0.038898285,1.001898800
1779778527738,org.springframework.samples.petclinic.owner.OwnerController.findOwner,0.038824565,0.038898285,1.001898800
1779778527738,org.springframework.samples.petclinic.owner.VisitController.processNewVisitForm,0.038824565,0.038898285,1.001898800
1779778529106,org.springframework.samples.petclinic.owner.OwnerController.findOwner,0.037645937,0.038123495,1.012685500
1779778529106,org.springframework.samples.petclinic.owner.PetTypeFormatter.parse;org.springframework.samples.petclinic.owner.PetTypeFormatter.parse,0.141172265,0.142963105,1.012685500
1779778529106,org.springframework.samples.petclinic.owner.VisitController.processNewVisitForm,0.028234453,0.028592621,1.012685500
1779778529106,org.springframework.samples.petclinic.owner.PetController.processCreationForm,0.028234453,0.028592621,1.012685500
1779778530634,org.springframework.samples.petclinic.owner.OwnerController.findOwner,0.054055065,0.054544652,1.009057200
1779778530634,org.springframework.samples.petclinic.owner.VisitController.processNewVisitForm,0.036036710,0.036363101,1.009057200
1779778532248,org.springframework.samples.petclinic.owner.OwnerController.processFindForm;org.springframework.samples.petclinic.owner.OwnerController.findPaginatedForOwnersLastName,0.039231652,0.039352996,1.003093000
1779778532248,org.springframework.samples.petclinic.owner.VisitController.processNewVisitForm,0.147118696,0.147573735,1.003093000
1779778535615,org.springframework.samples.petclinic.owner.OwnerController.findOwner,0.080081940,0.081072025,1.012363400
1779778535615,org.springframework.samples.petclinic.owner.PetTypeFormatter.parse;org.springframework.samples.petclinic.owner.PetTypeFormatter.parse,0.020020485,0.020268006,1.012363400
1779778571084,org.springframework.samples.petclinic.vet.VetController.showVetList;org.springframework.samples.petclinic.vet.VetController.findPaginated,0.038416788,0.038543591,1.003300700
1779778575395,org.springframework.samples.petclinic.owner.OwnerController.processFindForm;org.springframework.samples.petclinic.owner.OwnerController.findPaginatedForOwnersLastName,0.242015574,0.242294183,1.001151200
1779778576474,org.springframework.samples.petclinic.owner.PetController.findOwner,0.305209382,0.305937856,1.002386800
1779778577540,org.springframework.samples.petclinic.owner.OwnerController.processFindForm;org.springframework.samples.petclinic.owner.OwnerController.findPaginatedForOwnersLastName,0.157848902,0.158401800,1.003502700
1779778577540,org.springframework.samples.petclinic.owner.PetController.findOwner,0.157848902,0.158401800,1.003502700
1779778579683,org.springframework.samples.petclinic.owner.OwnerController.processFindForm;org.springframework.samples.petclinic.owner.OwnerController.findPaginatedForOwnersLastName,0.045477954,0.045894195,1.009152600
1779778580771,org.springframework.samples.petclinic.owner.OwnerController.processFindForm;org.springframework.samples.petclinic.owner.OwnerController.findPaginatedForOwnersLastName,0.102400920,0.103108510,1.006910000
1779778582945,org.springframework.samples.petclinic.owner.OwnerController.processFindForm;org.springframework.samples.petclinic.owner.OwnerController.findPaginatedForOwnersLastName,0.033095296,0.033111672,1.000494800
1779778582945,org.springframework.samples.petclinic.owner.VisitController.processNewVisitForm,0.066190592,0.066223343,1.000494800
1779778589375,org.springframework.samples.petclinic.owner.PetController.populatePetTypes,0.776663667,0.777886135,1.001574000
1779778591518,org.springframework.samples.petclinic.owner.OwnerController.findOwner,0.200067771,0.201806040,1.008688400
1779778594726,org.springframework.samples.petclinic.owner.VisitController.processNewVisitForm,0.220520723,0.222317526,1.008148000
1779778600091,org.springframework.samples.petclinic.owner.OwnerController.processFindForm;org.springframework.samples.petclinic.owner.OwnerController.findPaginatedForOwnersLastName,0.056628258,0.056765633,1.002425900
1779778601169,org.springframework.samples.petclinic.owner.VisitController.setAllowedFields,0.129678586,0.130487495,1.006237800
1779778602269,org.springframework.samples.petclinic.owner.PetController.findOwner,0.228166268,0.230047612,1.008245500
1779778603348,org.springframework.samples.petclinic.owner.OwnerController.processFindForm;org.springframework.samples.petclinic.owner.OwnerController.findPaginatedForOwnersLastName,0.105755213,0.106872263,1.010562600
1779778605485,org.springframework.samples.petclinic.owner.OwnerController.findOwner,0.036976548,0.036983984,1.000201100
1779778605485,org.springframework.samples.petclinic.owner.OwnerController.processFindForm;org.springframework.samples.petclinic.owner.OwnerController.findPaginatedForOwnersLastName,0.073953096,0.073967968,1.000201100
1779778606564,org.springframework.samples.petclinic.owner.OwnerController.findOwner,0.114936159,0.115037981,1.000885900
1779778609770,org.springframework.samples.petclinic.owner.OwnerController.processFindForm;org.springframework.samples.petclinic.owner.OwnerController.findPaginatedForOwnersLastName,0.078022690,0.078105175,1.001057200
1779778619479,org.springframework.samples.petclinic.owner.VisitController.loadPetWithVisit,0.146114322,0.146240682,1.000864800
1779778621606,org.springframework.samples.petclinic.owner.PetController.findOwner,0.077406299,0.077913132,1.006547700
1779778621606,org.springframework.samples.petclinic.owner.VisitController.processNewVisitForm,0.038703150,0.038956566,1.006547700
1779778621606,org.springframework.samples.petclinic.owner.PetController.processCreationForm,0.038703150,0.038956566,1.006547700
1779778624826,org.springframework.samples.petclinic.owner.VisitController.processNewVisitForm,0.197268571,0.198407304,1.005772500
1779778628053,org.springframework.samples.petclinic.owner.OwnerController.processFindForm;org.springframework.samples.petclinic.owner.OwnerController.findPaginatedForOwnersLastName,0.222964612,0.223660373,1.003120500
1779778634510,org.springframework.samples.petclinic.owner.VisitController.loadPetWithVisit,0.063569753,0.063812812,1.003823500
1779778634510,org.springframework.samples.petclinic.owner.PetTypeFormatter.parse;org.springframework.samples.petclinic.owner.PetTypeFormatter.parse,0.063569753,0.063812812,1.003823500
1779778659282,org.springframework.samples.petclinic.owner.OwnerController.processFindForm;org.springframework.samples.petclinic.owner.OwnerController.findPaginatedForOwnersLastName,0.234930330,0.236076274,1.004877800
1779778660350,org.springframework.samples.petclinic.owner.PetController.findOwner,0.188331388,0.188835796,1.002678300
1779778664646,org.springframework.samples.petclinic.owner.VisitController.loadPetWithVisit,0.082321133,0.082560507,1.002907800
1779778666794,org.springframework.samples.petclinic.owner.OwnerController.findOwner,0.297888598,0.300249187,1.007924400
1779778667878,org.springframework.samples.petclinic.owner.OwnerController.findOwner,0.084741025,0.085015519,1.003239200
1779778670011,org.springframework.samples.petclinic.owner.OwnerController.processFindForm;org.springframework.samples.petclinic.owner.OwnerController.findPaginatedForOwnersLastName,0.099630310,0.099737961,1.001080500
1779778673251,org.springframework.samples.petclinic.owner.OwnerController.showOwner,0.129586230,0.130486673,1.006948600
1779778674319,org.springframework.samples.petclinic.owner.PetController.findOwner,0.100321989,0.100700624,1.003774200
1779778674319,org.springframework.samples.petclinic.owner.VisitController.processNewVisitForm,0.100321989,0.100700624,1.003774200
1779778675376,org.springframework.samples.petclinic.owner.OwnerController.processFindForm;org.springframework.samples.petclinic.owner.OwnerController.findPaginatedForOwnersLastName,0.091688923,0.091735850,1.000511800
1779778675376,org.springframework.samples.petclinic.owner.PetController.findOwner,0.091688923,0.091735850,1.000511800
1779778679652,org.springframework.samples.petclinic.owner.OwnerController.findOwner,0.168635838,0.169486201,1.005042600
1779778679652,org.springframework.samples.petclinic.owner.OwnerController.processFindForm;org.springframework.samples.petclinic.owner.OwnerController.findPaginatedForOwnersLastName,0.168635838,0.169486201,1.005042600
1779778680724,org.springframework.samples.petclinic.owner.OwnerController.processFindForm;org.springframework.samples.petclinic.owner.OwnerController.findPaginatedForOwnersLastName,0.239305140,0.241769720,1.010298900
1779778681797,org.springframework.samples.petclinic.owner.OwnerController.findOwner,0.218935000,0.221274561,1.010686100
1779778681797,org.springframework.samples.petclinic.owner.OwnerController.processFindForm;org.springframework.samples.petclinic.owner.OwnerController.findPaginatedForOwnersLastName,0.218935000,0.221274561,1.010686100
1779778685016,org.springframework.samples.petclinic.owner.OwnerController.processFindForm;org.springframework.samples.petclinic.owner.OwnerController.findPaginatedForOwnersLastName,0.061856984,0.062385973,1.008551800
1779778685016,org.springframework.samples.petclinic.owner.OwnerController.showOwner,0.061856984,0.062385973,1.008551800
1779778688223,org.springframework.samples.petclinic.owner.OwnerController.processFindForm;org.springframework.samples.petclinic.owner.OwnerController.findPaginatedForOwnersLastName,0.030513876,0.030528998,1.000495600
1779778688223,org.springframework.samples.petclinic.owner.PetController.findOwner,0.061027751,0.061057997,1.000495600
1779778689297,org.springframework.samples.petclinic.owner.PetController.populatePetTypes,0.086836112,0.087811447,1.011231900
1779778689297,org.springframework.samples.petclinic.owner.OwnerController.processFindForm;org.springframework.samples.petclinic.owner.OwnerController.findPaginatedForOwnersLastName,0.086836112,0.087811447,1.011231900
1779778690361,org.springframework.samples.petclinic.owner.VisitController.loadPetWithVisit,0.152063088,0.152217052,1.001012500
1779778693574,org.springframework.samples.petclinic.owner.VisitController.loadPetWithVisit,0.187574877,0.188826770,1.006674100
1779778693574,org.springframework.samples.petclinic.owner.PetTypeFormatter.parse;org.springframework.samples.petclinic.owner.PetTypeFormatter.parse,0.187574877,0.188826770,1.006674100
1779778693574,org.springframework.samples.petclinic.owner.VisitController.processNewVisitForm,0.093787438,0.094413385,1.006674100
1779778695718,org.springframework.samples.petclinic.owner.OwnerController.processFindForm;org.springframework.samples.petclinic.owner.OwnerController.findPaginatedForOwnersLastName,0.104328989,0.105390943,1.010178900
1779778695718,org.springframework.samples.petclinic.owner.OwnerController.showOwner,0.104328989,0.105390943,1.010178900
1779778696794,org.springframework.samples.petclinic.owner.OwnerController.processFindForm;org.springframework.samples.petclinic.owner.OwnerController.findPaginatedForOwnersLastName,0.136095347,0.137259302,1.008552500
1779778697866,org.springframework.samples.petclinic.owner.VisitController.processNewVisitForm,0.152603889,0.153709504,1.007245000
1779778698940,org.springframework.samples.petclinic.owner.VisitController.processNewVisitForm,0.160668218,0.162115420,1.009007400
1779778702175,org.springframework.samples.petclinic.vet.VetController.showVetList;org.springframework.samples.petclinic.vet.VetController.findPaginated,0.027672423,0.027942177,1.009748100
1779778703245,org.springframework.samples.petclinic.owner.OwnerController.findOwner,0.139793077,0.140967940,1.008404300
1779778711804,org.springframework.samples.petclinic.owner.OwnerController.findOwner,0.067161326,0.067705682,1.008105200
1779778712898,org.springframework.samples.petclinic.owner.VisitController.loadPetWithVisit,0.055250219,0.055654413,1.007315700
1779778712898,org.springframework.samples.petclinic.owner.PetController.findOwner,0.055250219,0.055654413,1.007315700
1779778716120,org.springframework.samples.petclinic.owner.OwnerController.processFindForm;org.springframework.samples.petclinic.owner.OwnerController.findPaginatedForOwnersLastName,0.044625012,0.044916427,1.006530300
1779778717216,org.springframework.samples.petclinic.owner.PetTypeFormatter.parse;org.springframework.samples.petclinic.owner.PetTypeFormatter.parse,0.335952086,0.339627805,1.010941200
1779778720426,org.springframework.samples.petclinic.owner.OwnerController.findOwner,0.074389853,0.074414573,1.000332300
1779778720426,org.springframework.samples.petclinic.owner.PetController.findOwner,0.074389853,0.074414573,1.000332300
1779778721510,org.springframework.samples.petclinic.owner.OwnerController.findOwner,0.095834650,0.096870181,1.010805400
1779778723653,org.springframework.samples.petclinic.owner.OwnerController.findOwner;org.springframework.samples.petclinic.owner.Visit.<init>,0.181071922,0.181247652,1.000970500
1779778738791,org.springframework.samples.petclinic.owner.OwnerController.findOwner,0.076122251,0.076389151,1.003506200
1779778739870,org.springframework.samples.petclinic.owner.OwnerController.processFindForm;org.springframework.samples.petclinic.owner.OwnerController.findPaginatedForOwnersLastName,0.043036809,0.043204420,1.003894600
1779778739870,org.springframework.samples.petclinic.owner.VisitController.processNewVisitForm,0.086073618,0.086408841,1.003894600
1779778740955,org.springframework.samples.petclinic.owner.OwnerController.findOwner,0.024544098,0.024697707,1.006258500
1779778740955,org.springframework.samples.petclinic.owner.OwnerController.showOwner,0.049088196,0.049395415,1.006258500
1779778743096,org.springframework.samples.petclinic.owner.OwnerController.findOwner,0.050929081,0.051094138,1.003240900
1779778744162,org.springframework.samples.petclinic.owner.OwnerController.processFindForm;org.springframework.samples.petclinic.owner.OwnerController.findPaginatedForOwnersLastName,0.076085232,0.076525134,1.005781700
1779778746310,org.springframework.samples.petclinic.owner.OwnerController.processFindForm;org.springframework.samples.petclinic.owner.OwnerController.findPaginatedForOwnersLastName,0.100124021,0.101013973,1.008888500
1779778749546,org.springframework.samples.petclinic.owner.OwnerController.processFindForm;org.springframework.samples.petclinic.owner.OwnerController.findPaginatedForOwnersLastName,0.038677366,0.039028224,1.009071400
1779778750624,org.springframework.samples.petclinic.owner.OwnerController.processFindForm;org.springframework.samples.petclinic.owner.OwnerController.findPaginatedForOwnersLastName,0.149473957,0.150537420,1.007114700
1779778752768,org.springframework.samples.petclinic.owner.VisitController.loadPetWithVisit,0.046711117,0.047094531,1.008208200
1779778752768,org.springframework.samples.petclinic.owner.OwnerController.findOwner,0.046711117,0.047094531,1.008208200
1779778753838,org.springframework.samples.petclinic.owner.PetController.findOwner,0.139343271,0.140093077,1.005381000
1779778757047,org.springframework.samples.petclinic.owner.OwnerController.findOwner,0.069892442,0.070351489,1.006567900
1779778757047,org.springframework.samples.petclinic.owner.OwnerController.processFindForm;org.springframework.samples.petclinic.owner.OwnerController.findPaginatedForOwnersLastName,0.069892442,0.070351489,1.006567900
1779778759202,org.springframework.samples.petclinic.owner.OwnerController.showOwner,0.110523160,0.111718645,1.010816600
1779778760277,org.springframework.samples.petclinic.owner.PetController.findOwner,0.262133180,0.264508762,1.009062500
1779778763490,org.springframework.samples.petclinic.owner.PetController.findOwner,0.169975826,0.170835173,1.005055700
1779778766700,org.springframework.samples.petclinic.owner.OwnerController.findOwner,0.214030214,0.215524103,1.006979800
1779778767761,org.springframework.samples.petclinic.owner.OwnerController.processFindForm;org.springframework.samples.petclinic.owner.OwnerController.findPaginatedForOwnersLastName,0.488382035,0.489754877,1.002811000
1779778767761,org.springframework.samples.petclinic.owner.OwnerController.showOwner,0.488382035,0.489754877,1.002811000
1779778769906,org.springframework.samples.petclinic.owner.VisitController.loadPetWithVisit,0.087657557,0.088547176,1.010148800
1779778770970,org.springframework.samples.petclinic.owner.OwnerController.findOwner,0.243057261,0.244379760,1.005441100
1779778772049,org.springframework.samples.petclinic.owner.OwnerController.findOwner,0.217576002,0.219593672,1.009273400
1779778775257,org.springframework.samples.petclinic.owner.VisitController.loadPetWithVisit,0.133543475,0.134190239,1.004843100
1779778775257,org.springframework.samples.petclinic.owner.PetController.findOwner,0.222572458,0.223650399,1.004843100
1779778777398,org.springframework.samples.petclinic.owner.VisitController.loadPetWithVisit,0.050307903,0.050827120,1.010320800
1779778778470,org.springframework.samples.petclinic.owner.VisitController.loadPetWithVisit,0.074093217,0.074697440,1.008154900
1779778778470,org.springframework.samples.petclinic.owner.VisitController.processNewVisitForm,0.148186434,0.149394879,1.008154900
1779778779532,org.springframework.samples.petclinic.owner.VisitController.loadPetWithVisit,0.049863266,0.050020914,1.003161600
1779778782751,org.springframework.samples.petclinic.owner.VisitController.loadPetWithVisit,0.173286377,0.173367995,1.000471000
1779778782751,org.springframework.samples.petclinic.owner.OwnerController.findOwner,0.173286377,0.173367995,1.000471000
1779778783818,org.springframework.samples.petclinic.owner.VisitController.loadPetWithVisit,0.043653899,0.043826498,1.003953800
1779778783818,org.springframework.samples.petclinic.owner.OwnerController.findOwner,0.174615595,0.175305990,1.003953800
1779778787056,org.springframework.samples.petclinic.owner.OwnerController.findOwner,0.246594017,0.247593931,1.004054900
1779778794536,org.springframework.samples.petclinic.owner.VisitController.processNewVisitForm,0.042726779,0.042884967,1.003702300
1779778796679,org.springframework.samples.petclinic.owner.VisitController.loadPetWithVisit,0.099581939,0.100548322,1.009704400
1779778797751,org.springframework.samples.petclinic.owner.OwnerController.findOwner,0.223844169,0.225226272,1.006174400
1779778797751,org.springframework.samples.petclinic.owner.OwnerController.processFindForm;org.springframework.samples.petclinic.owner.OwnerController.findPaginatedForOwnersLastName,0.037307361,0.037537712,1.006174400
1779778802048,org.springframework.samples.petclinic.owner.OwnerController.findOwner,0.075509545,0.075582986,1.000972600
1779778802048,org.springframework.samples.petclinic.owner.PetController.findOwner,0.075509545,0.075582986,1.000972600
